train_number,name,total_stops_all,hub_stops_count,hub_stops_sequence,origin,destination
12301,HOWRAH RAJDHANI EXPRESS,4,4,HWH|PNBE|CNB|NDLS,HWH,NDLS
12302,HOWRAH RAJDHANI EXPRESS,4,4,NDLS|CNB|PNBE|HWH,NDLS,HWH
12305,HOWRAH RAJDHANI EXPRESS (VIA PATNA),4,4,HWH|PNBE|CNB|NDLS,HWH,NDLS
12306,HOWRAH RAJDHANI EXPRESS (VIA PATNA),4,4,NDLS|CNB|PNBE|HWH,NDLS,HWH
12309,PATNA TEJAS RAJDHANI EXPRESS,3,3,PNBE|CNB|NDLS,PNBE,NDLS
12310,PATNA TEJAS RAJDHANI EXPRESS,3,3,NDLS|CNB|PNBE,NDLS,PNBE
12313,SEALDAH RAJDHANI EXPRESS,3,3,SDAH|CNB|NDLS,SDAH,NDLS
12314,SEALDAH RAJDHANI EXPRESS,3,3,NDLS|CNB|SDAH,NDLS,SDAH
12423,DIBRUGARH RAJDHANI EXPRESS,4,4,GHY|PPTA|CNB|NDLS,GHY,NDLS
12424,DIBRUGARH RAJDHANI EXPRESS,4,4,NDLS|CNB|PPTA|GHY,NDLS,GHY
20501,AGARTALA TEJAS RAJDHANI EXPRESS,5,5,AGTL|GHY|PPTA|CNB|NDLS,AGTL,NDLS
20502,AGARTALA TEJAS RAJDHANI EXPRESS,5,5,NDLS|CNB|PPTA|GHY|AGTL,NDLS,AGTL
12951,MUMBAI RAJDHANI EXPRESS,5,5,NDLS|KOTA|BRC|ST|MMCT,NDLS,MMCT
12952,MUMBAI AUGUST KRANTI EXPRESS,5,5,MMCT|ST|BRC|KOTA|NDLS,MMCT,NDLS
12953,AUGUST KRANTI RAJDHANI,5,5,MMCT|ST|BRC|KOTA|NZM,MMCT,NZM
12954,AUGUST KRANTI RAJDHANI,5,5,NZM|KOTA|BRC|ST|MMCT,NZM,MMCT
12425,JAMMU RAJDHANI EXPRESS,3,3,NDLS|CDG|JAT,NDLS,JAT
12426,JAMMU RAJDHANI EXPRESS,3,3,JAT|CDG|NDLS,JAT,NDLS
12431,TRIVANDRUM RAJDHANI,5,5,TVC|ERS|MAO|ST|NZM,TVC,NZM
12432,TRIVANDRUM RAJDHANI,5,5,NZM|ST|MAO|ERS|TVC,NZM,TVC
12433,CHENNAI RAJDHANI EXPRESS,5,5,MAS|BZA|NGP|BPL|NZM,MAS,NZM
12434,CHENNAI RAJDHANI EXPRESS,5,5,NZM|BPL|NGP|BZA|MAS,NZM,MAS
12437,SECUNDERABAD RAJDHANI EXPRESS,4,4,SC|NGP|BPL|NZM,SC,NZM
12438,SECUNDERABAD RAJDHANI EXPRESS,4,4,NZM|BPL|NGP|SC,NZM,SC
22691,BENGALURU RAJDHANI EXPRESS,5,5,SBC|SC|NGP|BPL|NZM,SBC,NZM
22692,BENGALURU RAJDHANI EXPRESS,5,5,NZM|BPL|NGP|SC|SBC,NZM,SBC
20817,BHUBANESWAR RAJDHANI EXPRESS,4,4,BBS|PNBE|CNB|NDLS,BBS,NDLS
20818,BHUBANESWAR RAJDHANI EXPRESS,4,4,NDLS|CNB|PNBE|BBS,NDLS,BBS
22435,VANDE BHARAT EXPRESS,3,3,BSB|CNB|NDLS,BSB,NDLS
22436,VANDE BHARAT EXPRESS,3,3,NDLS|CNB|BSB,NDLS,BSB
22439,KATRA VANDE BHARAT EXPRESS,4,4,NDLS|CDG|JAT|SVDK,NDLS,SVDK
22440,KATRA VANDE BHARAT EXPRESS,4,4,SVDK|JAT|CDG|NDLS,SVDK,NDLS
22895,HOWRAH - PURI VANDE BHARAT EXPRESS,3,3,HWH|BBS|PURI,HWH,PURI
22896,PURI - HOWRAH VANDE BHARAT EXPRESS,3,3,PURI|BBS|HWH,PURI,HWH
20835,PURI - ROURKELA VANDE BHARAT EXPRESS,2,2,PURI|BBS,PURI,BBS
20836,ROURKELA - PURI VANDE BHARAT EXPRESS,2,2,BBS|PURI,BBS,PURI
22349,PATNA - RANCHI VANDE BHARAT EXPRESS,2,2,PNBE|RNC,PNBE,RNC
22350,RANCHI - PATNA VANDE BHARAT EXPRESS,2,2,RNC|PNBE,RNC,PNBE
22347,HOWRAH - PATNA VANDE BHARAT EXPRESS,2,2,HWH|PNBE,HWH,PNBE
22348,PATNA - HOWRAH VANDE BHARAT EXPRESS,2,2,PNBE|HWH,PNBE,HWH
20607,CHENNAI CENTRAL - MYSORE VANDE BHARAT,3,3,MAS|SBC|MYS,MAS,MYS
20608,MYSORE - CHENNAI CENTRAL VANDE BHARAT,3,3,MYS|SBC|MAS,MYS,MAS
12001,BHOPAL SHATABDI EXPRESS,4,4,BPL|VGLJ|GWL|NDLS,BPL,NDLS
12002,BHOPAL SHATABDI EXPRESS,4,4,NDLS|GWL|VGLJ|BPL,NDLS,BPL
12009,MUMBAI CENTRAL - AHMEDABAD SHATABDI EXPRESS,4,4,MMCT|ST|BRC|ADI,MMCT,ADI
12010,AHMEDABAD - MUMBAI CENTRAL SHATABDI EXPRESS,4,4,ADI|BRC|ST|MMCT,ADI,MMCT
12011,KALKA SHATABDI EXPRESS,2,2,NDLS|CDG,NDLS,CDG
12012,KALKA SHATABDI EXPRESS,2,2,CDG|NDLS,CDG,NDLS
12023,HOWRAH - PATNA JAN SHATABDI EXPRESS,2,2,HWH|PNBE,HWH,PNBE
12024,PATNA - HOWRAH JAN SHATABDI EXPRESS,2,2,PNBE|HWH,PNBE,HWH
12365,PATNA - RANCHI JAN SHATABDI EXPRESS,2,2,PNBE|RNC,PNBE,RNC
12366,RANCHI - PATNA JAN SHATABDI EXPRESS,2,2,RNC|PNBE,RNC,PNBE
12273,HOWRAH - NEW DELHI DURONTO EXPRESS,3,3,HWH|PNBE|NDLS,HWH,NDLS
12274,NEW DELHI - HOWRAH DURONTO EXPRESS,3,3,NDLS|PNBE|HWH,NDLS,HWH
22209,MUMBAI DURONTO EXPRESS,4,4,MMCT|BRC|KOTA|NDLS,MMCT,NDLS
22210,MUMBAI DURONTO EXPRESS,4,4,NDLS|KOTA|BRC|MMCT,NDLS,MMCT
12393,SAMPOORNA KRANTI EXPRESS,3,3,PNBE|CNB|NDLS,PNBE,NDLS
12394,SAMPOORNA KRANTI EXPRESS,3,3,NDLS|CNB|PNBE,NDLS,PNBE
12303,POORVA EXPRESS,5,5,HWH|PNBE|BSB|CNB|NDLS,HWH,NDLS
12304,POORVA EXPRESS,5,5,NDLS|CNB|BSB|PNBE|HWH,NDLS,HWH
12801,PURUSHOTTAM EXPRESS,5,5,PURI|BBS|PNBE|CNB|NDLS,PURI,NDLS
12802,PURUSHOTTAM EXPRESS,5,5,NDLS|CNB|PNBE|BBS|PURI,NDLS,PURI
12391,SHRAMJEEVI EXPRESS,4,4,PNBE|BSB|LKO|NDLS,PNBE,NDLS
12392,SHRAMJEEVI EXPRESS,4,4,NDLS|LKO|BSB|PNBE,NDLS,PNBE
12367,VIKRAMSHILA EXPRESS,3,3,PNBE|CNB|ANVT,PNBE,ANVT
12368,VIKRAMSHILA EXPRESS,3,3,ANVT|CNB|PNBE,ANVT,PNBE
12625,KERALA EXPRESS,8,8,TVC|ERS|CBE|BZA|NGP|BPL|VGLJ|NDLS,TVC,NDLS
12626,KERALA EXPRESS,8,8,NDLS|VGLJ|BPL|NGP|BZA|CBE|ERS|TVC,NDLS,TVC
12621,TAMIL NADU EXPRESS,5,5,MAS|BZA|NGP|BPL|NDLS,MAS,NDLS
12622,TAMIL NADU EXPRESS,5,5,NDLS|BPL|NGP|BZA|MAS,NDLS,MAS
12639,BRINDAVAN EXPRESS,2,2,MAS|SBC,MAS,SBC
12640,BRINDAVAN EXPRESS,2,2,SBC|MAS,SBC,MAS
12123,DECCAN QUEEN,2,2,CSMT|PUNE,CSMT,PUNE
12124,DECCAN QUEEN,2,2,PUNE|CSMT,PUNE,CSMT
12723,TELANGANA EXPRESS,6,6,HYB|SC|NGP|BPL|VGLJ|NDLS,HYB,NDLS
12724,TELANGANA EXPRESS,6,6,NDLS|VGLJ|BPL|NGP|SC|HYB,NDLS,HYB
12137,PUNJAB MAIL,5,5,CSMT|BPL|VGLJ|NDLS|FZR,CSMT,FZR
12138,PUNJAB MAIL,5,5,FZR|NDLS|VGLJ|BPL|CSMT,FZR,CSMT
12191,JHELUM EXPRESS,6,6,PUNE|BPL|VGLJ|GWL|NZM|JAT,PUNE,JAT
12192,JHELUM EXPRESS,6,6,JAT|NZM|GWL|VGLJ|BPL|PUNE,JAT,PUNE
12113,PUNE - NAGPUR GARIB RATH EXPRESS,3,3,PUNE|CSMT|NGP,PUNE,NGP
12114,PUNE - NAGPUR GARIB RATH EXPRESS,3,3,NGP|CSMT|PUNE,NGP,PUNE
13397,NASHIK ROAD - DHANBAD SPECIAL GARIB RATH,3,3,RNC|PNBE|BSB,RNC,BSB
13398,NASHIK ROAD - DHANBAD SPECIAL GARIB RATH,3,3,BSB|PNBE|RNC,BSB,RNC
14175,SUBEDARGANJ - DADAR SUPERFAST EXPRESS,4,4,CNB|VGLJ|BPL|ST,CNB,ST
12617,MANGALA LAKSHADWEEP EXPRESS,5,5,ERS|MAO|ST|BRC|NZM,ERS,NZM
12618,MANGALA LAKSHADWEEP EXPRESS,5,5,NZM|BRC|ST|MAO|ERS,NZM,ERS
15087,NEW DELHI - OLD DELHI JAN SHATABDI,4,4,NDLS|ANVT|LTT|DLI,NDLS,DLI
15088,NEW DELHI - NIZAMUDDIN GARIB RATH,4,4,NDLS|BDTS|HYB|NZM,NDLS,NZM
15089,NEW DELHI - ANAND VIHAR HUMSAFAR,4,4,NDLS|SDAH|VGLJ|ANVT,NDLS,ANVT
15090,NEW DELHI - MUMBAI CENTRAL INTERCITY,4,4,NDLS|MAS|JAT|MMCT,NDLS,MMCT
15091,NEW DELHI - MUMBAI CSMT SUPERFAST,4,4,NDLS|SC|ADI|CSMT,NDLS,CSMT
15092,NEW DELHI - BANDRA EXPRESS,4,4,NDLS|BSB|MYS|BDTS,NDLS,BDTS
15093,NEW DELHI - LOKMANYA TILAK MAIL,4,4,NDLS|VGLJ|BBS|LTT,NDLS,LTT
15094,NEW DELHI - HOWRAH JAN SHATABDI,4,4,NDLS|TATA|AGTL|HWH,NDLS,HWH
15095,NEW DELHI - SEALDAH GARIB RATH,4,4,NDLS|FZR|BDTS|SDAH,NDLS,SDAH
15096,NEW DELHI - BENGALURU HUMSAFAR,4,4,NDLS|JP|MS|SBC,NDLS,SBC
15097,NEW DELHI - YESVANTPUR INTERCITY,4,4,NDLS|INDB|GKP|YPR,NDLS,YPR
15098,NEW DELHI - CHENNAI CENTRAL SUPERFAST,4,4,NDLS|ST|FZR|MAS,NDLS,MAS
15099,NEW DELHI - CHENNAI EGMORE EXPRESS,4,4,NDLS|PUNE|GWL|MS,NDLS,MS
15100,NEW DELHI - HYDERABAD MAIL,4,4,NDLS|MYS|MAO|HYB,NDLS,HYB
15101,NEW DELHI - SECUNDERABAD JAN SHATABDI,4,4,NDLS|ERS|MDU|SC,NDLS,SC
15102,NEW DELHI - LUCKNOW GARIB RATH,4,4,NDLS|MDU|GHY|LKO,NDLS,LKO
15103,NEW DELHI - KANPUR HUMSAFAR,4,4,NDLS|R|CSMT|CNB,NDLS,CNB
15104,NEW DELHI - VARANASI INTERCITY,4,4,NDLS|BZA|MAS|BSB,NDLS,BSB
15105,NEW DELHI - AYODHYA SUPERFAST,2,2,NDLS|AY,NDLS,AY
15106,NEW DELHI - GORAKHPUR EXPRESS,4,4,NDLS|ANVT|ASR|GKP,NDLS,GKP
15107,NEW DELHI - VGL JHANSI MAIL,4,4,NDLS|BDTS|INDB|VGLJ,NDLS,VGLJ
15108,NEW DELHI - PATNA JAN SHATABDI,4,4,NDLS|SDAH|NGP|PNBE,NDLS,PNBE
15109,NEW DELHI - RANCHI GARIB RATH,4,4,NDLS|MAS|CBE|RNC,NDLS,RNC
15110,NEW DELHI - TATANAGAR HUMSAFAR,4,4,NDLS|SC|BZA|TATA,NDLS,TATA
15111,NEW DELHI - CHANDIGARH INTERCITY,4,4,NDLS|BSB|MMCT|CDG,NDLS,CDG
15112,NEW DELHI - AMRITSAR SUPERFAST,4,4,NDLS|VGLJ|YPR|ASR,NDLS,ASR
15113,NEW DELHI - FIROZPUR EXPRESS,4,4,NDLS|TATA|BSB|FZR,NDLS,FZR
15114,NEW DELHI - JAMMU TAWI MAIL,4,4,NDLS|FZR|CDG|JAT,NDLS,JAT
15115,NEW DELHI - KATRA JAN SHATABDI,4,4,NDLS|JP|BPL|SVDK,NDLS,SVDK
15116,NEW DELHI - JAIPUR GARIB RATH,4,4,NDLS|INDB|PUNE|JP,NDLS,JP
15117,NEW DELHI - KOTA HUMSAFAR,4,4,NDLS|ST|CLT|KOTA,NDLS,KOTA
15118,NEW DELHI - BHOPAL INTERCITY,4,4,NDLS|PUNE|VSKP|BPL,NDLS,BPL
15119,NEW DELHI - INDORE SUPERFAST,4,4,NDLS|MYS|ANVT|INDB,NDLS,INDB
15120,NEW DELHI - GWALIOR EXPRESS,4,4,NDLS|ERS|SBC|GWL,NDLS,GWL
15121,NEW DELHI - AHMEDABAD MAIL,4,4,NDLS|MDU|CNB|ADI,NDLS,ADI
15122,NEW DELHI - SURAT JAN SHATABDI,4,4,NDLS|R|TATA|ST,NDLS,ST
15123,NEW DELHI - VADODARA GARIB RATH,4,4,NDLS|BZA|KOTA|BRC,NDLS,BRC
15124,NEW DELHI - RAJKOT HUMSAFAR,2,2,NDLS|RJT,NDLS,RJT
15125,NEW DELHI - PUNE INTERCITY,4,4,NDLS|ANVT|ERS|PUNE,NDLS,PUNE
15126,NEW DELHI - NAGPUR SUPERFAST,4,4,NDLS|BDTS|BSP|NGP,NDLS,NGP
15127,NEW DELHI - MADGAON EXPRESS,4,4,NDLS|SDAH|NZM|MAO,NDLS,MAO
15128,NEW DELHI - MYSURU MAIL,4,4,NDLS|MAS|SDAH|MYS,NDLS,MYS
15129,NEW DELHI - HUBBALLI JAN SHATABDI,4,4,NDLS|SC|LKO|UBL,NDLS,UBL
15130,NEW DELHI - TRIVANDRUM GARIB RATH,4,4,NDLS|BSB|RNC|TVC,NDLS,TVC
15131,NEW DELHI - ERNAKULAM HUMSAFAR,4,4,NDLS|VGLJ|JP|ERS,NDLS,ERS
15132,NEW DELHI - CLT INTERCITY,4,4,NDLS|TATA|BRC|CLT,NDLS,CLT
15133,NEW DELHI - COIMBATORE SUPERFAST,4,4,NDLS|FZR|TVC|CBE,NDLS,CBE
15134,NEW DELHI - MADURAI EXPRESS,4,4,NDLS|JP|R|MDU,NDLS,MDU
15135,NEW DELHI - BHUBANESWAR MAIL,4,4,NDLS|INDB|DLI|BBS,NDLS,BBS
15136,NEW DELHI - PURI JAN SHATABDI,4,4,NDLS|ST|HWH|PURI,NDLS,PURI
15137,NEW DELHI - RAIPUR GARIB RATH,4,4,NDLS|PUNE|SC|R,NDLS,R
15138,NEW DELHI - BILASPUR HUMSAFAR,4,4,NDLS|MYS|PNBE|BSP,NDLS,BSP
15139,NEW DELHI - VISAKHAPATNAM INTERCITY,4,4,NDLS|ERS|SVDK|VSKP,NDLS,VSKP
15140,NEW DELHI - VIJAYAWADA SUPERFAST,4,4,NDLS|MDU|ST|BZA,NDLS,BZA
15141,NEW DELHI - GUWAHATI EXPRESS,4,4,NDLS|R|UBL|GHY,NDLS,GHY
15142,NEW DELHI - AGARTALA MAIL,4,4,NDLS|BZA|PURI|AGTL,NDLS,AGTL
15143,OLD DELHI - NIZAMUDDIN JAN SHATABDI,3,3,DLI|NDLS|NZM,DLI,NZM
15144,OLD DELHI - ANAND VIHAR GARIB RATH,3,3,DLI|LTT|ANVT,DLI,ANVT
15145,OLD DELHI - MUMBAI CENTRAL HUMSAFAR,4,4,DLI|BDTS|HYB|MMCT,DLI,MMCT
15146,OLD DELHI - MUMBAI CSMT INTERCITY,4,4,DLI|SDAH|VGLJ|CSMT,DLI,CSMT
15147,OLD DELHI - BANDRA SUPERFAST,4,4,DLI|MAS|JAT|BDTS,DLI,BDTS
15148,OLD DELHI - LOKMANYA TILAK EXPRESS,4,4,DLI|SC|ADI|LTT,DLI,LTT
15149,OLD DELHI - HOWRAH MAIL,4,4,DLI|BSB|MYS|HWH,DLI,HWH
15150,OLD DELHI - SEALDAH JAN SHATABDI,4,4,DLI|VGLJ|BBS|SDAH,DLI,SDAH
15151,OLD DELHI - BENGALURU GARIB RATH,4,4,DLI|TATA|AGTL|SBC,DLI,SBC
15152,OLD DELHI - YESVANTPUR HUMSAFAR,4,4,DLI|FZR|BDTS|YPR,DLI,YPR
15153,OLD DELHI - CHENNAI CENTRAL INTERCITY,4,4,DLI|JP|MS|MAS,DLI,MAS
15154,OLD DELHI - CHENNAI EGMORE SUPERFAST,4,4,DLI|INDB|GKP|MS,DLI,MS
15155,OLD DELHI - HYDERABAD EXPRESS,4,4,DLI|ST|FZR|HYB,DLI,HYB
15156,OLD DELHI - SECUNDERABAD MAIL,4,4,DLI|PUNE|GWL|SC,DLI,SC
15157,OLD DELHI - LUCKNOW JAN SHATABDI,4,4,DLI|MYS|MAO|LKO,DLI,LKO
15158,OLD DELHI - KANPUR GARIB RATH,4,4,DLI|ERS|MDU|CNB,DLI,CNB
15159,OLD DELHI - VARANASI HUMSAFAR,4,4,DLI|MDU|GHY|BSB,DLI,BSB
15160,OLD DELHI - AYODHYA INTERCITY,4,4,DLI|R|CSMT|AY,DLI,AY
15161,OLD DELHI - GORAKHPUR SUPERFAST,4,4,DLI|BZA|MAS|GKP,DLI,GKP
15162,OLD DELHI - VGL JHANSI EXPRESS,4,4,DLI|NDLS|AY|VGLJ,DLI,VGLJ
15163,OLD DELHI - PATNA MAIL,4,4,DLI|ANVT|ASR|PNBE,DLI,PNBE
15164,OLD DELHI - RANCHI JAN SHATABDI,4,4,DLI|BDTS|INDB|RNC,DLI,RNC
15165,OLD DELHI - TATANAGAR GARIB RATH,4,4,DLI|SDAH|NGP|TATA,DLI,TATA
15166,OLD DELHI - CHANDIGARH HUMSAFAR,4,4,DLI|MAS|CBE|CDG,DLI,CDG
15167,OLD DELHI - AMRITSAR INTERCITY,4,4,DLI|SC|BZA|ASR,DLI,ASR
15168,OLD DELHI - FIROZPUR SUPERFAST,4,4,DLI|BSB|MMCT|FZR,DLI,FZR
15169,OLD DELHI - JAMMU TAWI EXPRESS,4,4,DLI|VGLJ|YPR|JAT,DLI,JAT
15170,OLD DELHI - KATRA MAIL,4,4,DLI|TATA|BSB|SVDK,DLI,SVDK
15171,OLD DELHI - JAIPUR JAN SHATABDI,4,4,DLI|FZR|CDG|JP,DLI,JP
15172,OLD DELHI - KOTA GARIB RATH,4,4,DLI|JP|BPL|KOTA,DLI,KOTA
15173,OLD DELHI - BHOPAL HUMSAFAR,4,4,DLI|INDB|PUNE|BPL,DLI,BPL
15174,OLD DELHI - INDORE INTERCITY,4,4,DLI|ST|CLT|INDB,DLI,INDB
15175,OLD DELHI - GWALIOR SUPERFAST,4,4,DLI|PUNE|VSKP|GWL,DLI,GWL
15176,OLD DELHI - AHMEDABAD EXPRESS,4,4,DLI|MYS|ANVT|ADI,DLI,ADI
15177,OLD DELHI - SURAT MAIL,4,4,DLI|ERS|SBC|ST,DLI,ST
15178,OLD DELHI - VADODARA JAN SHATABDI,4,4,DLI|MDU|CNB|BRC,DLI,BRC
15179,OLD DELHI - RAJKOT GARIB RATH,4,4,DLI|R|TATA|RJT,DLI,RJT
15180,OLD DELHI - PUNE HUMSAFAR,4,4,DLI|BZA|KOTA|PUNE,DLI,PUNE
15181,OLD DELHI - NAGPUR INTERCITY,4,4,DLI|NDLS|RJT|NGP,DLI,NGP
15182,OLD DELHI - MADGAON SUPERFAST,4,4,DLI|ANVT|ERS|MAO,DLI,MAO
15183,OLD DELHI - MYSURU EXPRESS,4,4,DLI|BDTS|BSP|MYS,DLI,MYS
15184,OLD DELHI - HUBBALLI MAIL,4,4,DLI|SDAH|NZM|UBL,DLI,UBL
15185,OLD DELHI - TRIVANDRUM JAN SHATABDI,4,4,DLI|MAS|SDAH|TVC,DLI,TVC
15186,OLD DELHI - ERNAKULAM GARIB RATH,4,4,DLI|SC|LKO|ERS,DLI,ERS
15187,OLD DELHI - CLT HUMSAFAR,4,4,DLI|BSB|RNC|CLT,DLI,CLT
15188,OLD DELHI - COIMBATORE INTERCITY,4,4,DLI|VGLJ|JP|CBE,DLI,CBE
15189,OLD DELHI - MADURAI SUPERFAST,4,4,DLI|TATA|BRC|MDU,DLI,MDU
15190,OLD DELHI - BHUBANESWAR EXPRESS,4,4,DLI|FZR|TVC|BBS,DLI,BBS
15191,OLD DELHI - PURI MAIL,4,4,DLI|JP|R|PURI,DLI,PURI
15192,OLD DELHI - RAIPUR JAN SHATABDI,3,3,DLI|INDB|R,DLI,R
15193,OLD DELHI - BILASPUR GARIB RATH,4,4,DLI|ST|HWH|BSP,DLI,BSP
15194,OLD DELHI - VISAKHAPATNAM HUMSAFAR,4,4,DLI|PUNE|SC|VSKP,DLI,VSKP
15195,OLD DELHI - VIJAYAWADA INTERCITY,4,4,DLI|MYS|PNBE|BZA,DLI,BZA
15196,OLD DELHI - GUWAHATI SUPERFAST,4,4,DLI|ERS|SVDK|GHY,DLI,GHY
15197,OLD DELHI - AGARTALA EXPRESS,4,4,DLI|MDU|ST|AGTL,DLI,AGTL
15198,NIZAMUDDIN - ANAND VIHAR MAIL,4,4,NZM|R|UBL|ANVT,NZM,ANVT
15199,NIZAMUDDIN - MUMBAI CENTRAL JAN SHATABDI,4,4,NZM|BZA|PURI|MMCT,NZM,MMCT
15200,NIZAMUDDIN - MUMBAI CSMT GARIB RATH,3,3,NZM|NDLS|CSMT,NZM,CSMT
15201,NIZAMUDDIN - BANDRA HUMSAFAR,4,4,NZM|ANVT|LTT|BDTS,NZM,BDTS
15202,NIZAMUDDIN - LOKMANYA TILAK INTERCITY,4,4,NZM|BDTS|HYB|LTT,NZM,LTT
15203,NIZAMUDDIN - HOWRAH SUPERFAST,4,4,NZM|SDAH|VGLJ|HWH,NZM,HWH
15204,NIZAMUDDIN - SEALDAH EXPRESS,4,4,NZM|MAS|JAT|SDAH,NZM,SDAH
15205,NIZAMUDDIN - BENGALURU MAIL,4,4,NZM|SC|ADI|SBC,NZM,SBC
15206,NIZAMUDDIN - YESVANTPUR JAN SHATABDI,4,4,NZM|BSB|MYS|YPR,NZM,YPR
15207,NIZAMUDDIN - CHENNAI CENTRAL GARIB RATH,4,4,NZM|VGLJ|BBS|MAS,NZM,MAS
15208,NIZAMUDDIN - CHENNAI EGMORE HUMSAFAR,4,4,NZM|TATA|AGTL|MS,NZM,MS
15209,NIZAMUDDIN - HYDERABAD INTERCITY,4,4,NZM|FZR|BDTS|HYB,NZM,HYB
15210,NIZAMUDDIN - SECUNDERABAD SUPERFAST,4,4,NZM|JP|MS|SC,NZM,SC
15211,NIZAMUDDIN - LUCKNOW EXPRESS,4,4,NZM|INDB|GKP|LKO,NZM,LKO
15212,NIZAMUDDIN - KANPUR MAIL,4,4,NZM|ST|FZR|CNB,NZM,CNB
15213,NIZAMUDDIN - VARANASI JAN SHATABDI,4,4,NZM|PUNE|GWL|BSB,NZM,BSB
15214,NIZAMUDDIN - AYODHYA GARIB RATH,4,4,NZM|MYS|MAO|AY,NZM,AY
15215,NIZAMUDDIN - GORAKHPUR HUMSAFAR,4,4,NZM|ERS|MDU|GKP,NZM,GKP
15216,NIZAMUDDIN - VGL JHANSI INTERCITY,4,4,NZM|MDU|GHY|VGLJ,NZM,VGLJ
15217,NIZAMUDDIN - PATNA SUPERFAST,4,4,NZM|R|CSMT|PNBE,NZM,PNBE
15218,NIZAMUDDIN - RANCHI EXPRESS,4,4,NZM|BZA|MAS|RNC,NZM,RNC
15219,NIZAMUDDIN - TATANAGAR MAIL,4,4,NZM|NDLS|AY|TATA,NZM,TATA
15220,NIZAMUDDIN - CHANDIGARH JAN SHATABDI,4,4,NZM|ANVT|ASR|CDG,NZM,CDG
15221,NIZAMUDDIN - AMRITSAR GARIB RATH,4,4,NZM|BDTS|INDB|ASR,NZM,ASR
15222,NIZAMUDDIN - FIROZPUR HUMSAFAR,4,4,NZM|SDAH|NGP|FZR,NZM,FZR
15223,NIZAMUDDIN - JAMMU TAWI INTERCITY,4,4,NZM|MAS|CBE|JAT,NZM,JAT
15224,NIZAMUDDIN - KATRA SUPERFAST,4,4,NZM|SC|BZA|SVDK,NZM,SVDK
15225,NIZAMUDDIN - JAIPUR EXPRESS,4,4,NZM|BSB|MMCT|JP,NZM,JP
15226,NIZAMUDDIN - KOTA MAIL,4,4,NZM|VGLJ|YPR|KOTA,NZM,KOTA
15227,NIZAMUDDIN - BHOPAL JAN SHATABDI,4,4,NZM|TATA|BSB|BPL,NZM,BPL
15228,NIZAMUDDIN - INDORE GARIB RATH,4,4,NZM|FZR|CDG|INDB,NZM,INDB
15229,NIZAMUDDIN - GWALIOR HUMSAFAR,4,4,NZM|JP|BPL|GWL,NZM,GWL
15230,NIZAMUDDIN - AHMEDABAD INTERCITY,4,4,NZM|INDB|PUNE|ADI,NZM,ADI
15231,NIZAMUDDIN - SURAT SUPERFAST,3,3,NZM|CLT|ST,NZM,ST
15232,NIZAMUDDIN - VADODARA EXPRESS,4,4,NZM|PUNE|VSKP|BRC,NZM,BRC
15233,NIZAMUDDIN - RAJKOT MAIL,4,4,NZM|MYS|ANVT|RJT,NZM,RJT
15234,NIZAMUDDIN - PUNE JAN SHATABDI,4,4,NZM|ERS|SBC|PUNE,NZM,PUNE
15235,NIZAMUDDIN - NAGPUR GARIB RATH,4,4,NZM|MDU|CNB|NGP,NZM,NGP
15236,NIZAMUDDIN - MADGAON HUMSAFAR,4,4,NZM|R|TATA|MAO,NZM,MAO
15237,NIZAMUDDIN - MYSURU INTERCITY,4,4,NZM|BZA|KOTA|MYS,NZM,MYS
15238,NIZAMUDDIN - HUBBALLI SUPERFAST,4,4,NZM|NDLS|RJT|UBL,NZM,UBL
15239,NIZAMUDDIN - TRIVANDRUM EXPRESS,4,4,NZM|ANVT|ERS|TVC,NZM,TVC
15240,NIZAMUDDIN - ERNAKULAM MAIL,4,4,NZM|BDTS|BSP|ERS,NZM,ERS
15241,NIZAMUDDIN - CLT JAN SHATABDI,3,3,NZM|SDAH|CLT,NZM,CLT
15242,NIZAMUDDIN - COIMBATORE GARIB RATH,4,4,NZM|MAS|SDAH|CBE,NZM,CBE
15243,NIZAMUDDIN - MADURAI HUMSAFAR,4,4,NZM|SC|LKO|MDU,NZM,MDU
15244,NIZAMUDDIN - BHUBANESWAR INTERCITY,4,4,NZM|BSB|RNC|BBS,NZM,BBS
15245,NIZAMUDDIN - PURI SUPERFAST,4,4,NZM|VGLJ|JP|PURI,NZM,PURI
15246,NIZAMUDDIN - RAIPUR EXPRESS,4,4,NZM|TATA|BRC|R,NZM,R
15247,NIZAMUDDIN - BILASPUR MAIL,4,4,NZM|FZR|TVC|BSP,NZM,BSP
15248,NIZAMUDDIN - VISAKHAPATNAM JAN SHATABDI,4,4,NZM|JP|R|VSKP,NZM,VSKP
15249,NIZAMUDDIN - VIJAYAWADA GARIB RATH,4,4,NZM|INDB|DLI|BZA,NZM,BZA
15250,NIZAMUDDIN - GUWAHATI HUMSAFAR,4,4,NZM|ST|HWH|GHY,NZM,GHY
15251,NIZAMUDDIN - AGARTALA INTERCITY,4,4,NZM|PUNE|SC|AGTL,NZM,AGTL
15252,ANAND VIHAR - MUMBAI CENTRAL SUPERFAST,4,4,ANVT|MYS|PNBE|MMCT,ANVT,MMCT
15253,ANAND VIHAR - MUMBAI CSMT EXPRESS,4,4,ANVT|ERS|SVDK|CSMT,ANVT,CSMT
15254,ANAND VIHAR - BANDRA MAIL,4,4,ANVT|MDU|ST|BDTS,ANVT,BDTS
15255,ANAND VIHAR - LOKMANYA TILAK JAN SHATABDI,4,4,ANVT|R|UBL|LTT,ANVT,LTT
15256,ANAND VIHAR - HOWRAH GARIB RATH,4,4,ANVT|BZA|PURI|HWH,ANVT,HWH
15257,ANAND VIHAR - SEALDAH HUMSAFAR,3,3,ANVT|NDLS|SDAH,ANVT,SDAH
15258,ANAND VIHAR - BENGALURU INTERCITY,3,3,ANVT|LTT|SBC,ANVT,SBC
15259,ANAND VIHAR - YESVANTPUR SUPERFAST,4,4,ANVT|BDTS|HYB|YPR,ANVT,YPR
15260,ANAND VIHAR - CHENNAI CENTRAL EXPRESS,4,4,ANVT|SDAH|VGLJ|MAS,ANVT,MAS
15261,ANAND VIHAR - CHENNAI EGMORE MAIL,4,4,ANVT|MAS|JAT|MS,ANVT,MS
15262,ANAND VIHAR - HYDERABAD JAN SHATABDI,4,4,ANVT|SC|ADI|HYB,ANVT,HYB
15263,ANAND VIHAR - SECUNDERABAD GARIB RATH,4,4,ANVT|BSB|MYS|SC,ANVT,SC
15264,ANAND VIHAR - LUCKNOW HUMSAFAR,4,4,ANVT|VGLJ|BBS|LKO,ANVT,LKO
15265,ANAND VIHAR - KANPUR INTERCITY,4,4,ANVT|TATA|AGTL|CNB,ANVT,CNB
15266,ANAND VIHAR - VARANASI SUPERFAST,4,4,ANVT|FZR|BDTS|BSB,ANVT,BSB
15267,ANAND VIHAR - AYODHYA EXPRESS,4,4,ANVT|JP|MS|AY,ANVT,AY
15268,ANAND VIHAR - GORAKHPUR MAIL,3,3,ANVT|INDB|GKP,ANVT,GKP
15269,ANAND VIHAR - VGL JHANSI JAN SHATABDI,4,4,ANVT|ST|FZR|VGLJ,ANVT,VGLJ
15270,ANAND VIHAR - PATNA GARIB RATH,4,4,ANVT|PUNE|GWL|PNBE,ANVT,PNBE
15271,ANAND VIHAR - RANCHI HUMSAFAR,4,4,ANVT|MYS|MAO|RNC,ANVT,RNC
15272,ANAND VIHAR - TATANAGAR INTERCITY,4,4,ANVT|ERS|MDU|TATA,ANVT,TATA
15273,ANAND VIHAR - CHANDIGARH SUPERFAST,4,4,ANVT|MDU|GHY|CDG,ANVT,CDG
15274,ANAND VIHAR - AMRITSAR EXPRESS,4,4,ANVT|R|CSMT|ASR,ANVT,ASR
15275,ANAND VIHAR - FIROZPUR MAIL,4,4,ANVT|BZA|MAS|FZR,ANVT,FZR
15276,ANAND VIHAR - JAMMU TAWI JAN SHATABDI,4,4,ANVT|NDLS|AY|JAT,ANVT,JAT
15277,ANAND VIHAR - KATRA GARIB RATH,3,3,ANVT|ASR|SVDK,ANVT,SVDK
15278,ANAND VIHAR - JAIPUR HUMSAFAR,4,4,ANVT|BDTS|INDB|JP,ANVT,JP
15279,ANAND VIHAR - KOTA INTERCITY,4,4,ANVT|SDAH|NGP|KOTA,ANVT,KOTA
15280,ANAND VIHAR - BHOPAL SUPERFAST,4,4,ANVT|MAS|CBE|BPL,ANVT,BPL
15281,ANAND VIHAR - INDORE EXPRESS,4,4,ANVT|SC|BZA|INDB,ANVT,INDB
15282,ANAND VIHAR - GWALIOR MAIL,4,4,ANVT|BSB|MMCT|GWL,ANVT,GWL
15283,ANAND VIHAR - AHMEDABAD JAN SHATABDI,4,4,ANVT|VGLJ|YPR|ADI,ANVT,ADI
15284,ANAND VIHAR - SURAT GARIB RATH,4,4,ANVT|TATA|BSB|ST,ANVT,ST
15285,ANAND VIHAR - VADODARA HUMSAFAR,4,4,ANVT|FZR|CDG|BRC,ANVT,BRC
15286,ANAND VIHAR - RAJKOT INTERCITY,4,4,ANVT|JP|BPL|RJT,ANVT,RJT
15287,ANAND VIHAR - PUNE SUPERFAST,3,3,ANVT|INDB|PUNE,ANVT,PUNE
15288,ANAND VIHAR - NAGPUR EXPRESS,4,4,ANVT|ST|CLT|NGP,ANVT,NGP
15289,ANAND VIHAR - MADGAON MAIL,4,4,ANVT|PUNE|VSKP|MAO,ANVT,MAO
15290,ANAND VIHAR - MYSURU JAN SHATABDI,2,2,ANVT|MYS,ANVT,MYS
15291,ANAND VIHAR - HUBBALLI GARIB RATH,4,4,ANVT|ERS|SBC|UBL,ANVT,UBL
15292,ANAND VIHAR - TRIVANDRUM HUMSAFAR,4,4,ANVT|MDU|CNB|TVC,ANVT,TVC
15293,ANAND VIHAR - ERNAKULAM INTERCITY,4,4,ANVT|R|TATA|ERS,ANVT,ERS
15294,ANAND VIHAR - CLT SUPERFAST,4,4,ANVT|BZA|KOTA|CLT,ANVT,CLT
15295,ANAND VIHAR - COIMBATORE EXPRESS,4,4,ANVT|NDLS|RJT|CBE,ANVT,CBE
15296,ANAND VIHAR - MADURAI MAIL,3,3,ANVT|ERS|MDU,ANVT,MDU
15297,ANAND VIHAR - BHUBANESWAR JAN SHATABDI,4,4,ANVT|BDTS|BSP|BBS,ANVT,BBS
15298,ANAND VIHAR - PURI GARIB RATH,4,4,ANVT|SDAH|NZM|PURI,ANVT,PURI
15299,ANAND VIHAR - RAIPUR HUMSAFAR,4,4,ANVT|MAS|SDAH|R,ANVT,R
15300,ANAND VIHAR - BILASPUR INTERCITY,4,4,ANVT|SC|LKO|BSP,ANVT,BSP
15301,ANAND VIHAR - VISAKHAPATNAM SUPERFAST,4,4,ANVT|BSB|RNC|VSKP,ANVT,VSKP
15302,ANAND VIHAR - VIJAYAWADA EXPRESS,4,4,ANVT|VGLJ|JP|BZA,ANVT,BZA
15303,ANAND VIHAR - GUWAHATI MAIL,4,4,ANVT|TATA|BRC|GHY,ANVT,GHY
15304,ANAND VIHAR - AGARTALA JAN SHATABDI,4,4,ANVT|FZR|TVC|AGTL,ANVT,AGTL
15305,MUMBAI CENTRAL - MUMBAI CSMT GARIB RATH,4,4,MMCT|JP|R|CSMT,MMCT,CSMT
15306,MUMBAI CENTRAL - BANDRA HUMSAFAR,4,4,MMCT|INDB|DLI|BDTS,MMCT,BDTS
15307,MUMBAI CENTRAL - LOKMANYA TILAK INTERCITY,4,4,MMCT|ST|HWH|LTT,MMCT,LTT
15308,MUMBAI CENTRAL - HOWRAH SUPERFAST,4,4,MMCT|PUNE|SC|HWH,MMCT,HWH
15309,MUMBAI CENTRAL - SEALDAH EXPRESS,4,4,MMCT|MYS|PNBE|SDAH,MMCT,SDAH
15310,MUMBAI CENTRAL - BENGALURU MAIL,4,4,MMCT|ERS|SVDK|SBC,MMCT,SBC
15311,MUMBAI CENTRAL - YESVANTPUR JAN SHATABDI,4,4,MMCT|MDU|ST|YPR,MMCT,YPR
15312,MUMBAI CENTRAL - CHENNAI CENTRAL GARIB RATH,4,4,MMCT|R|UBL|MAS,MMCT,MAS
15313,MUMBAI CENTRAL - CHENNAI EGMORE HUMSAFAR,4,4,MMCT|BZA|PURI|MS,MMCT,MS
15314,MUMBAI CENTRAL - HYDERABAD INTERCITY,3,3,MMCT|NDLS|HYB,MMCT,HYB
15315,MUMBAI CENTRAL - SECUNDERABAD SUPERFAST,4,4,MMCT|ANVT|LTT|SC,MMCT,SC
15316,MUMBAI CENTRAL - LUCKNOW EXPRESS,4,4,MMCT|BDTS|HYB|LKO,MMCT,LKO
15317,MUMBAI CENTRAL - KANPUR MAIL,4,4,MMCT|SDAH|VGLJ|CNB,MMCT,CNB
15318,MUMBAI CENTRAL - VARANASI JAN SHATABDI,4,4,MMCT|MAS|JAT|BSB,MMCT,BSB
15319,MUMBAI CENTRAL - AYODHYA GARIB RATH,4,4,MMCT|SC|ADI|AY,MMCT,AY
15320,MUMBAI CENTRAL - GORAKHPUR HUMSAFAR,4,4,MMCT|BSB|MYS|GKP,MMCT,GKP
15321,MUMBAI CENTRAL - VGL JHANSI INTERCITY,3,3,MMCT|BBS|VGLJ,MMCT,VGLJ
15322,MUMBAI CENTRAL - PATNA SUPERFAST,4,4,MMCT|TATA|AGTL|PNBE,MMCT,PNBE
15323,MUMBAI CENTRAL - RANCHI EXPRESS,4,4,MMCT|FZR|BDTS|RNC,MMCT,RNC
15324,MUMBAI CENTRAL - TATANAGAR MAIL,4,4,MMCT|JP|MS|TATA,MMCT,TATA
15325,MUMBAI CENTRAL - CHANDIGARH JAN SHATABDI,4,4,MMCT|INDB|GKP|CDG,MMCT,CDG
15326,MUMBAI CENTRAL - AMRITSAR GARIB RATH,4,4,MMCT|ST|FZR|ASR,MMCT,ASR
15327,MUMBAI CENTRAL - FIROZPUR HUMSAFAR,4,4,MMCT|PUNE|GWL|FZR,MMCT,FZR
15328,MUMBAI CENTRAL - JAMMU TAWI INTERCITY,4,4,MMCT|MYS|MAO|JAT,MMCT,JAT
15329,MUMBAI CENTRAL - KATRA SUPERFAST,4,4,MMCT|ERS|MDU|SVDK,MMCT,SVDK
15330,MUMBAI CENTRAL - JAIPUR EXPRESS,4,4,MMCT|MDU|GHY|JP,MMCT,JP
15331,MUMBAI CENTRAL - KOTA MAIL,4,4,MMCT|R|CSMT|KOTA,MMCT,KOTA
15332,MUMBAI CENTRAL - BHOPAL JAN SHATABDI,4,4,MMCT|BZA|MAS|BPL,MMCT,BPL
15333,MUMBAI CENTRAL - INDORE GARIB RATH,4,4,MMCT|NDLS|AY|INDB,MMCT,INDB
15334,MUMBAI CENTRAL - GWALIOR HUMSAFAR,4,4,MMCT|ANVT|ASR|GWL,MMCT,GWL
15335,MUMBAI CENTRAL - AHMEDABAD INTERCITY,4,4,MMCT|BDTS|INDB|ADI,MMCT,ADI
15336,MUMBAI CENTRAL - SURAT SUPERFAST,4,4,MMCT|SDAH|NGP|ST,MMCT,ST
15337,MUMBAI CENTRAL - VADODARA EXPRESS,4,4,MMCT|MAS|CBE|BRC,MMCT,BRC
15338,MUMBAI CENTRAL - RAJKOT MAIL,4,4,MMCT|SC|BZA|RJT,MMCT,RJT
15339,MUMBAI CENTRAL - PUNE JAN SHATABDI,3,3,MMCT|BSB|PUNE,MMCT,PUNE
15340,MUMBAI CENTRAL - NAGPUR GARIB RATH,4,4,MMCT|VGLJ|YPR|NGP,MMCT,NGP
15341,MUMBAI CENTRAL - MADGAON HUMSAFAR,4,4,MMCT|TATA|BSB|MAO,MMCT,MAO
15342,MUMBAI CENTRAL - MYSURU INTERCITY,4,4,MMCT|FZR|CDG|MYS,MMCT,MYS
15343,MUMBAI CENTRAL - HUBBALLI SUPERFAST,4,4,MMCT|JP|BPL|UBL,MMCT,UBL
15344,MUMBAI CENTRAL - TRIVANDRUM EXPRESS,4,4,MMCT|INDB|PUNE|TVC,MMCT,TVC
15345,MUMBAI CENTRAL - ERNAKULAM MAIL,4,4,MMCT|ST|CLT|ERS,MMCT,ERS
15346,MUMBAI CENTRAL - CLT JAN SHATABDI,4,4,MMCT|PUNE|VSKP|CLT,MMCT,CLT
15347,MUMBAI CENTRAL - COIMBATORE GARIB RATH,4,4,MMCT|MYS|ANVT|CBE,MMCT,CBE
15348,MUMBAI CENTRAL - MADURAI HUMSAFAR,4,4,MMCT|ERS|SBC|MDU,MMCT,MDU
15349,MUMBAI CENTRAL - BHUBANESWAR INTERCITY,4,4,MMCT|MDU|CNB|BBS,MMCT,BBS
15350,MUMBAI CENTRAL - PURI SUPERFAST,4,4,MMCT|R|TATA|PURI,MMCT,PURI
15351,MUMBAI CENTRAL - RAIPUR EXPRESS,4,4,MMCT|BZA|KOTA|R,MMCT,R
15352,MUMBAI CENTRAL - BILASPUR MAIL,4,4,MMCT|NDLS|RJT|BSP,MMCT,BSP
15353,MUMBAI CENTRAL - VISAKHAPATNAM JAN SHATABDI,4,4,MMCT|ANVT|ERS|VSKP,MMCT,VSKP
15354,MUMBAI CENTRAL - VIJAYAWADA GARIB RATH,4,4,MMCT|BDTS|BSP|BZA,MMCT,BZA
15355,MUMBAI CENTRAL - GUWAHATI HUMSAFAR,4,4,MMCT|SDAH|NZM|GHY,MMCT,GHY
15356,MUMBAI CENTRAL - AGARTALA INTERCITY,4,4,MMCT|MAS|SDAH|AGTL,MMCT,AGTL
15357,MUMBAI CSMT - BANDRA SUPERFAST,4,4,CSMT|SC|LKO|BDTS,CSMT,BDTS
15358,MUMBAI CSMT - LOKMANYA TILAK EXPRESS,4,4,CSMT|BSB|RNC|LTT,CSMT,LTT
15359,MUMBAI CSMT - HOWRAH MAIL,4,4,CSMT|VGLJ|JP|HWH,CSMT,HWH
15360,MUMBAI CSMT - SEALDAH JAN SHATABDI,4,4,CSMT|TATA|BRC|SDAH,CSMT,SDAH
15361,MUMBAI CSMT - BENGALURU GARIB RATH,4,4,CSMT|FZR|TVC|SBC,CSMT,SBC
15362,MUMBAI CSMT - YESVANTPUR HUMSAFAR,4,4,CSMT|JP|R|YPR,CSMT,YPR
15363,MUMBAI CSMT - CHENNAI CENTRAL INTERCITY,4,4,CSMT|INDB|DLI|MAS,CSMT,MAS
15364,MUMBAI CSMT - CHENNAI EGMORE SUPERFAST,4,4,CSMT|ST|HWH|MS,CSMT,MS
15365,MUMBAI CSMT - HYDERABAD EXPRESS,4,4,CSMT|PUNE|SC|HYB,CSMT,HYB
15366,MUMBAI CSMT - SECUNDERABAD MAIL,4,4,CSMT|MYS|PNBE|SC,CSMT,SC
15367,MUMBAI CSMT - LUCKNOW JAN SHATABDI,4,4,CSMT|ERS|SVDK|LKO,CSMT,LKO
15368,MUMBAI CSMT - KANPUR GARIB RATH,4,4,CSMT|MDU|ST|CNB,CSMT,CNB
15369,MUMBAI CSMT - VARANASI HUMSAFAR,4,4,CSMT|R|UBL|BSB,CSMT,BSB
15370,MUMBAI CSMT - AYODHYA INTERCITY,4,4,CSMT|BZA|PURI|AY,CSMT,AY
15371,MUMBAI CSMT - GORAKHPUR SUPERFAST,3,3,CSMT|NDLS|GKP,CSMT,GKP
15372,MUMBAI CSMT - VGL JHANSI EXPRESS,4,4,CSMT|ANVT|LTT|VGLJ,CSMT,VGLJ
15373,MUMBAI CSMT - PATNA MAIL,4,4,CSMT|BDTS|HYB|PNBE,CSMT,PNBE
15374,MUMBAI CSMT - RANCHI JAN SHATABDI,4,4,CSMT|SDAH|VGLJ|RNC,CSMT,RNC
15375,MUMBAI CSMT - TATANAGAR GARIB RATH,4,4,CSMT|MAS|JAT|TATA,CSMT,TATA
15376,MUMBAI CSMT - CHANDIGARH HUMSAFAR,4,4,CSMT|SC|ADI|CDG,CSMT,CDG
15377,MUMBAI CSMT - AMRITSAR INTERCITY,4,4,CSMT|BSB|MYS|ASR,CSMT,ASR
15378,MUMBAI CSMT - FIROZPUR SUPERFAST,4,4,CSMT|VGLJ|BBS|FZR,CSMT,FZR
15379,MUMBAI CSMT - JAMMU TAWI EXPRESS,4,4,CSMT|TATA|AGTL|JAT,CSMT,JAT
15380,MUMBAI CSMT - KATRA MAIL,4,4,CSMT|FZR|BDTS|SVDK,CSMT,SVDK
15381,MUMBAI CSMT - JAIPUR JAN SHATABDI,3,3,CSMT|MS|JP,CSMT,JP
15382,MUMBAI CSMT - KOTA GARIB RATH,4,4,CSMT|INDB|GKP|KOTA,CSMT,KOTA
15383,MUMBAI CSMT - BHOPAL HUMSAFAR,4,4,CSMT|ST|FZR|BPL,CSMT,BPL
15384,MUMBAI CSMT - INDORE INTERCITY,4,4,CSMT|PUNE|GWL|INDB,CSMT,INDB
15385,MUMBAI CSMT - GWALIOR SUPERFAST,4,4,CSMT|MYS|MAO|GWL,CSMT,GWL
15386,MUMBAI CSMT - AHMEDABAD EXPRESS,4,4,CSMT|ERS|MDU|ADI,CSMT,ADI
15387,MUMBAI CSMT - SURAT MAIL,4,4,CSMT|MDU|GHY|ST,CSMT,ST
15388,MUMBAI CSMT - VADODARA JAN SHATABDI,3,3,CSMT|R|BRC,CSMT,BRC
15389,MUMBAI CSMT - RAJKOT GARIB RATH,4,4,CSMT|BZA|MAS|RJT,CSMT,RJT
15390,MUMBAI CSMT - PUNE HUMSAFAR,4,4,CSMT|NDLS|AY|PUNE,CSMT,PUNE
15391,MUMBAI CSMT - NAGPUR INTERCITY,4,4,CSMT|ANVT|ASR|NGP,CSMT,NGP
15392,MUMBAI CSMT - MADGAON SUPERFAST,4,4,CSMT|BDTS|INDB|MAO,CSMT,MAO
15393,MUMBAI CSMT - MYSURU EXPRESS,4,4,CSMT|SDAH|NGP|MYS,CSMT,MYS
15394,MUMBAI CSMT - HUBBALLI MAIL,4,4,CSMT|MAS|CBE|UBL,CSMT,UBL
15395,MUMBAI CSMT - TRIVANDRUM JAN SHATABDI,4,4,CSMT|SC|BZA|TVC,CSMT,TVC
15396,MUMBAI CSMT - ERNAKULAM GARIB RATH,4,4,CSMT|BSB|MMCT|ERS,CSMT,ERS
15397,MUMBAI CSMT - CLT HUMSAFAR,4,4,CSMT|VGLJ|YPR|CLT,CSMT,CLT
15398,MUMBAI CSMT - COIMBATORE INTERCITY,4,4,CSMT|TATA|BSB|CBE,CSMT,CBE
15399,MUMBAI CSMT - MADURAI SUPERFAST,4,4,CSMT|FZR|CDG|MDU,CSMT,MDU
15400,MUMBAI CSMT - BHUBANESWAR EXPRESS,4,4,CSMT|JP|BPL|BBS,CSMT,BBS
15401,MUMBAI CSMT - PURI MAIL,4,4,CSMT|INDB|PUNE|PURI,CSMT,PURI
15402,MUMBAI CSMT - RAIPUR JAN SHATABDI,4,4,CSMT|ST|CLT|R,CSMT,R
15403,MUMBAI CSMT - BILASPUR GARIB RATH,4,4,CSMT|PUNE|VSKP|BSP,CSMT,BSP
15404,MUMBAI CSMT - VISAKHAPATNAM HUMSAFAR,4,4,CSMT|MYS|ANVT|VSKP,CSMT,VSKP
15405,MUMBAI CSMT - VIJAYAWADA INTERCITY,4,4,CSMT|ERS|SBC|BZA,CSMT,BZA
15406,MUMBAI CSMT - GUWAHATI SUPERFAST,4,4,CSMT|MDU|CNB|GHY,CSMT,GHY
15407,MUMBAI CSMT - AGARTALA EXPRESS,4,4,CSMT|R|TATA|AGTL,CSMT,AGTL
15408,BANDRA - LOKMANYA TILAK MAIL,4,4,BDTS|BZA|KOTA|LTT,BDTS,LTT
15409,BANDRA - HOWRAH JAN SHATABDI,4,4,BDTS|NDLS|RJT|HWH,BDTS,HWH
15410,BANDRA - SEALDAH GARIB RATH,4,4,BDTS|ANVT|ERS|SDAH,BDTS,SDAH
15411,BANDRA - BENGALURU HUMSAFAR,3,3,BDTS|BSP|SBC,BDTS,SBC
15412,BANDRA - YESVANTPUR INTERCITY,4,4,BDTS|SDAH|NZM|YPR,BDTS,YPR
15413,BANDRA - CHENNAI CENTRAL SUPERFAST,3,3,BDTS|SDAH|MAS,BDTS,MAS
15414,BANDRA - CHENNAI EGMORE EXPRESS,4,4,BDTS|SC|LKO|MS,BDTS,MS
15415,BANDRA - HYDERABAD MAIL,4,4,BDTS|BSB|RNC|HYB,BDTS,HYB
15416,BANDRA - SECUNDERABAD JAN SHATABDI,4,4,BDTS|VGLJ|JP|SC,BDTS,SC
15417,BANDRA - LUCKNOW GARIB RATH,4,4,BDTS|TATA|BRC|LKO,BDTS,LKO
15418,BANDRA - KANPUR HUMSAFAR,4,4,BDTS|FZR|TVC|CNB,BDTS,CNB
15419,BANDRA - VARANASI INTERCITY,4,4,BDTS|JP|R|BSB,BDTS,BSB
15420,BANDRA - AYODHYA SUPERFAST,4,4,BDTS|INDB|DLI|AY,BDTS,AY
15421,BANDRA - GORAKHPUR EXPRESS,4,4,BDTS|ST|HWH|GKP,BDTS,GKP
15422,BANDRA - VGL JHANSI MAIL,4,4,BDTS|PUNE|SC|VGLJ,BDTS,VGLJ
15423,BANDRA - PATNA JAN SHATABDI,3,3,BDTS|MYS|PNBE,BDTS,PNBE
15424,BANDRA - RANCHI GARIB RATH,4,4,BDTS|ERS|SVDK|RNC,BDTS,RNC
15425,BANDRA - TATANAGAR HUMSAFAR,4,4,BDTS|MDU|ST|TATA,BDTS,TATA
15426,BANDRA - CHANDIGARH INTERCITY,4,4,BDTS|R|UBL|CDG,BDTS,CDG
15427,BANDRA - AMRITSAR SUPERFAST,4,4,BDTS|BZA|PURI|ASR,BDTS,ASR
15428,BANDRA - FIROZPUR EXPRESS,3,3,BDTS|NDLS|FZR,BDTS,FZR
15429,BANDRA - JAMMU TAWI MAIL,4,4,BDTS|ANVT|LTT|JAT,BDTS,JAT
15430,BANDRA - KATRA JAN SHATABDI,3,3,BDTS|HYB|SVDK,BDTS,SVDK
15431,BANDRA - JAIPUR GARIB RATH,4,4,BDTS|SDAH|VGLJ|JP,BDTS,JP
15432,BANDRA - KOTA HUMSAFAR,4,4,BDTS|MAS|JAT|KOTA,BDTS,KOTA
15433,BANDRA - BHOPAL INTERCITY,4,4,BDTS|SC|ADI|BPL,BDTS,BPL
15434,BANDRA - INDORE SUPERFAST,4,4,BDTS|BSB|MYS|INDB,BDTS,INDB
15435,BANDRA - GWALIOR EXPRESS,4,4,BDTS|VGLJ|BBS|GWL,BDTS,GWL
15436,BANDRA - AHMEDABAD MAIL,4,4,BDTS|TATA|AGTL|ADI,BDTS,ADI
15437,BANDRA - SURAT JAN SHATABDI,3,3,BDTS|FZR|ST,BDTS,ST
15438,BANDRA - VADODARA GARIB RATH,4,4,BDTS|JP|MS|BRC,BDTS,BRC
15439,BANDRA - RAJKOT HUMSAFAR,4,4,BDTS|INDB|GKP|RJT,BDTS,RJT
15440,BANDRA - PUNE INTERCITY,4,4,BDTS|ST|FZR|PUNE,BDTS,PUNE
15441,BANDRA - NAGPUR SUPERFAST,4,4,BDTS|PUNE|GWL|NGP,BDTS,NGP
15442,BANDRA - MADGAON EXPRESS,3,3,BDTS|MYS|MAO,BDTS,MAO
15443,BANDRA - MYSURU MAIL,4,4,BDTS|ERS|MDU|MYS,BDTS,MYS
15444,BANDRA - HUBBALLI JAN SHATABDI,4,4,BDTS|MDU|GHY|UBL,BDTS,UBL
15445,BANDRA - TRIVANDRUM GARIB RATH,4,4,BDTS|R|CSMT|TVC,BDTS,TVC
15446,BANDRA - ERNAKULAM HUMSAFAR,4,4,BDTS|BZA|MAS|ERS,BDTS,ERS
15447,BANDRA - CLT INTERCITY,4,4,BDTS|NDLS|AY|CLT,BDTS,CLT
15448,BANDRA - COIMBATORE SUPERFAST,4,4,BDTS|ANVT|ASR|CBE,BDTS,CBE
15449,BANDRA - MADURAI EXPRESS,3,3,BDTS|INDB|MDU,BDTS,MDU
15450,BANDRA - BHUBANESWAR MAIL,4,4,BDTS|SDAH|NGP|BBS,BDTS,BBS
15451,BANDRA - PURI JAN SHATABDI,4,4,BDTS|MAS|CBE|PURI,BDTS,PURI
15452,BANDRA - RAIPUR GARIB RATH,4,4,BDTS|SC|BZA|R,BDTS,R
15453,BANDRA - BILASPUR HUMSAFAR,4,4,BDTS|BSB|MMCT|BSP,BDTS,BSP
15454,BANDRA - VISAKHAPATNAM INTERCITY,4,4,BDTS|VGLJ|YPR|VSKP,BDTS,VSKP
15455,BANDRA - VIJAYAWADA SUPERFAST,4,4,BDTS|TATA|BSB|BZA,BDTS,BZA
15456,BANDRA - GUWAHATI EXPRESS,4,4,BDTS|FZR|CDG|GHY,BDTS,GHY
15457,BANDRA - AGARTALA MAIL,4,4,BDTS|JP|BPL|AGTL,BDTS,AGTL
15458,LOKMANYA TILAK - HOWRAH JAN SHATABDI,4,4,LTT|INDB|PUNE|HWH,LTT,HWH
15459,LOKMANYA TILAK - SEALDAH GARIB RATH,4,4,LTT|ST|CLT|SDAH,LTT,SDAH
15460,LOKMANYA TILAK - BENGALURU HUMSAFAR,4,4,LTT|PUNE|VSKP|SBC,LTT,SBC
15461,LOKMANYA TILAK - YESVANTPUR INTERCITY,4,4,LTT|MYS|ANVT|YPR,LTT,YPR
15462,LOKMANYA TILAK - CHENNAI CENTRAL SUPERFAST,4,4,LTT|ERS|SBC|MAS,LTT,MAS
15463,LOKMANYA TILAK - CHENNAI EGMORE EXPRESS,4,4,LTT|MDU|CNB|MS,LTT,MS
15464,LOKMANYA TILAK - HYDERABAD MAIL,4,4,LTT|R|TATA|HYB,LTT,HYB
15465,LOKMANYA TILAK - SECUNDERABAD JAN SHATABDI,4,4,LTT|BZA|KOTA|SC,LTT,SC
15466,LOKMANYA TILAK - LUCKNOW GARIB RATH,4,4,LTT|NDLS|RJT|LKO,LTT,LKO
15467,LOKMANYA TILAK - KANPUR HUMSAFAR,4,4,LTT|ANVT|ERS|CNB,LTT,CNB
15468,LOKMANYA TILAK - VARANASI INTERCITY,4,4,LTT|BDTS|BSP|BSB,LTT,BSB
15469,LOKMANYA TILAK - AYODHYA SUPERFAST,4,4,LTT|SDAH|NZM|AY,LTT,AY
15470,LOKMANYA TILAK - GORAKHPUR EXPRESS,4,4,LTT|MAS|SDAH|GKP,LTT,GKP
15471,LOKMANYA TILAK - VGL JHANSI MAIL,4,4,LTT|SC|LKO|VGLJ,LTT,VGLJ
15472,LOKMANYA TILAK - PATNA JAN SHATABDI,4,4,LTT|BSB|RNC|PNBE,LTT,PNBE
15473,LOKMANYA TILAK - RANCHI GARIB RATH,4,4,LTT|VGLJ|JP|RNC,LTT,RNC
15474,LOKMANYA TILAK - TATANAGAR HUMSAFAR,3,3,LTT|BRC|TATA,LTT,TATA
15475,LOKMANYA TILAK - CHANDIGARH INTERCITY,4,4,LTT|FZR|TVC|CDG,LTT,CDG
15476,LOKMANYA TILAK - AMRITSAR SUPERFAST,4,4,LTT|JP|R|ASR,LTT,ASR
15477,LOKMANYA TILAK - FIROZPUR EXPRESS,4,4,LTT|INDB|DLI|FZR,LTT,FZR
15478,LOKMANYA TILAK - JAMMU TAWI MAIL,4,4,LTT|ST|HWH|JAT,LTT,JAT
15479,LOKMANYA TILAK - KATRA JAN SHATABDI,4,4,LTT|PUNE|SC|SVDK,LTT,SVDK
15480,LOKMANYA TILAK - JAIPUR GARIB RATH,4,4,LTT|MYS|PNBE|JP,LTT,JP
15481,LOKMANYA TILAK - KOTA HUMSAFAR,4,4,LTT|ERS|SVDK|KOTA,LTT,KOTA
15482,LOKMANYA TILAK - BHOPAL INTERCITY,4,4,LTT|MDU|ST|BPL,LTT,BPL
15483,LOKMANYA TILAK - INDORE SUPERFAST,4,4,LTT|R|UBL|INDB,LTT,INDB
15484,LOKMANYA TILAK - GWALIOR EXPRESS,4,4,LTT|BZA|PURI|GWL,LTT,GWL
15485,LOKMANYA TILAK - AHMEDABAD MAIL,3,3,LTT|NDLS|ADI,LTT,ADI
15486,LOKMANYA TILAK - SURAT JAN SHATABDI,3,3,LTT|ANVT|ST,LTT,ST
15487,LOKMANYA TILAK - VADODARA GARIB RATH,4,4,LTT|BDTS|HYB|BRC,LTT,BRC
15488,LOKMANYA TILAK - RAJKOT HUMSAFAR,4,4,LTT|SDAH|VGLJ|RJT,LTT,RJT
15489,LOKMANYA TILAK - PUNE INTERCITY,4,4,LTT|MAS|JAT|PUNE,LTT,PUNE
15490,LOKMANYA TILAK - NAGPUR SUPERFAST,4,4,LTT|SC|ADI|NGP,LTT,NGP
15491,LOKMANYA TILAK - MADGAON EXPRESS,4,4,LTT|BSB|MYS|MAO,LTT,MAO
15492,LOKMANYA TILAK - MYSURU MAIL,4,4,LTT|VGLJ|BBS|MYS,LTT,MYS
15493,LOKMANYA TILAK - HUBBALLI JAN SHATABDI,4,4,LTT|TATA|AGTL|UBL,LTT,UBL
15494,LOKMANYA TILAK - TRIVANDRUM GARIB RATH,4,4,LTT|FZR|BDTS|TVC,LTT,TVC
15495,LOKMANYA TILAK - ERNAKULAM HUMSAFAR,4,4,LTT|JP|MS|ERS,LTT,ERS
15496,LOKMANYA TILAK - CLT INTERCITY,4,4,LTT|INDB|GKP|CLT,LTT,CLT
15497,LOKMANYA TILAK - COIMBATORE SUPERFAST,4,4,LTT|ST|FZR|CBE,LTT,CBE
15498,LOKMANYA TILAK - MADURAI EXPRESS,4,4,LTT|PUNE|GWL|MDU,LTT,MDU
15499,LOKMANYA TILAK - BHUBANESWAR MAIL,4,4,LTT|MYS|MAO|BBS,LTT,BBS
15500,LOKMANYA TILAK - PURI JAN SHATABDI,4,4,LTT|ERS|MDU|PURI,LTT,PURI
15501,LOKMANYA TILAK - RAIPUR GARIB RATH,4,4,LTT|MDU|GHY|R,LTT,R
15502,LOKMANYA TILAK - BILASPUR HUMSAFAR,4,4,LTT|R|CSMT|BSP,LTT,BSP
15503,LOKMANYA TILAK - VISAKHAPATNAM INTERCITY,4,4,LTT|BZA|MAS|VSKP,LTT,VSKP
15504,LOKMANYA TILAK - VIJAYAWADA SUPERFAST,4,4,LTT|NDLS|AY|BZA,LTT,BZA
15505,LOKMANYA TILAK - GUWAHATI EXPRESS,4,4,LTT|ANVT|ASR|GHY,LTT,GHY
15506,LOKMANYA TILAK - AGARTALA MAIL,4,4,LTT|BDTS|INDB|AGTL,LTT,AGTL
15507,HOWRAH - SEALDAH JAN SHATABDI,3,3,HWH|NGP|SDAH,HWH,SDAH
15508,HOWRAH - BENGALURU GARIB RATH,4,4,HWH|MAS|CBE|SBC,HWH,SBC
15509,HOWRAH - YESVANTPUR HUMSAFAR,4,4,HWH|SC|BZA|YPR,HWH,YPR
15510,HOWRAH - CHENNAI CENTRAL INTERCITY,4,4,HWH|BSB|MMCT|MAS,HWH,MAS
15511,HOWRAH - CHENNAI EGMORE SUPERFAST,4,4,HWH|VGLJ|YPR|MS,HWH,MS
15512,HOWRAH - HYDERABAD EXPRESS,4,4,HWH|TATA|BSB|HYB,HWH,HYB
15513,HOWRAH - SECUNDERABAD MAIL,4,4,HWH|FZR|CDG|SC,HWH,SC
15514,HOWRAH - LUCKNOW JAN SHATABDI,4,4,HWH|JP|BPL|LKO,HWH,LKO
15515,HOWRAH - KANPUR GARIB RATH,4,4,HWH|INDB|PUNE|CNB,HWH,CNB
15516,HOWRAH - VARANASI HUMSAFAR,4,4,HWH|ST|CLT|BSB,HWH,BSB
15517,HOWRAH - AYODHYA INTERCITY,4,4,HWH|PUNE|VSKP|AY,HWH,AY
15518,HOWRAH - GORAKHPUR SUPERFAST,4,4,HWH|MYS|ANVT|GKP,HWH,GKP
15519,HOWRAH - VGL JHANSI EXPRESS,4,4,HWH|ERS|SBC|VGLJ,HWH,VGLJ
15520,HOWRAH - PATNA MAIL,4,4,HWH|MDU|CNB|PNBE,HWH,PNBE
15521,HOWRAH - RANCHI JAN SHATABDI,4,4,HWH|R|TATA|RNC,HWH,RNC
15522,HOWRAH - TATANAGAR GARIB RATH,4,4,HWH|BZA|KOTA|TATA,HWH,TATA
15523,HOWRAH - CHANDIGARH HUMSAFAR,4,4,HWH|NDLS|RJT|CDG,HWH,CDG
15524,HOWRAH - AMRITSAR INTERCITY,4,4,HWH|ANVT|ERS|ASR,HWH,ASR
15525,HOWRAH - FIROZPUR SUPERFAST,4,4,HWH|BDTS|BSP|FZR,HWH,FZR
15526,HOWRAH - JAMMU TAWI EXPRESS,4,4,HWH|SDAH|NZM|JAT,HWH,JAT
15527,HOWRAH - KATRA MAIL,4,4,HWH|MAS|SDAH|SVDK,HWH,SVDK
15528,HOWRAH - JAIPUR JAN SHATABDI,4,4,HWH|SC|LKO|JP,HWH,JP
15529,HOWRAH - KOTA GARIB RATH,4,4,HWH|BSB|RNC|KOTA,HWH,KOTA
15530,HOWRAH - BHOPAL HUMSAFAR,4,4,HWH|VGLJ|JP|BPL,HWH,BPL
15531,HOWRAH - INDORE INTERCITY,4,4,HWH|TATA|BRC|INDB,HWH,INDB
15532,HOWRAH - GWALIOR SUPERFAST,4,4,HWH|FZR|TVC|GWL,HWH,GWL
15533,HOWRAH - AHMEDABAD EXPRESS,4,4,HWH|JP|R|ADI,HWH,ADI
15534,HOWRAH - SURAT MAIL,4,4,HWH|INDB|DLI|ST,HWH,ST
15535,HOWRAH - VADODARA JAN SHATABDI,3,3,HWH|ST|BRC,HWH,BRC
15536,HOWRAH - RAJKOT GARIB RATH,4,4,HWH|PUNE|SC|RJT,HWH,RJT
15537,HOWRAH - PUNE HUMSAFAR,4,4,HWH|MYS|PNBE|PUNE,HWH,PUNE
15538,HOWRAH - NAGPUR INTERCITY,4,4,HWH|ERS|SVDK|NGP,HWH,NGP
15539,HOWRAH - MADGAON SUPERFAST,4,4,HWH|MDU|ST|MAO,HWH,MAO
15540,HOWRAH - MYSURU EXPRESS,4,4,HWH|R|UBL|MYS,HWH,MYS
15541,HOWRAH - HUBBALLI MAIL,4,4,HWH|BZA|PURI|UBL,HWH,UBL
15542,HOWRAH - TRIVANDRUM JAN SHATABDI,3,3,HWH|NDLS|TVC,HWH,TVC
15543,HOWRAH - ERNAKULAM GARIB RATH,4,4,HWH|ANVT|LTT|ERS,HWH,ERS
15544,HOWRAH - CLT HUMSAFAR,4,4,HWH|BDTS|HYB|CLT,HWH,CLT
15545,HOWRAH - COIMBATORE INTERCITY,4,4,HWH|SDAH|VGLJ|CBE,HWH,CBE
15546,HOWRAH - MADURAI SUPERFAST,4,4,HWH|MAS|JAT|MDU,HWH,MDU
15547,HOWRAH - BHUBANESWAR EXPRESS,4,4,HWH|SC|ADI|BBS,HWH,BBS
15548,HOWRAH - PURI MAIL,4,4,HWH|BSB|MYS|PURI,HWH,PURI
15549,HOWRAH - RAIPUR JAN SHATABDI,4,4,HWH|VGLJ|BBS|R,HWH,R
15550,HOWRAH - BILASPUR GARIB RATH,4,4,HWH|TATA|AGTL|BSP,HWH,BSP
15551,HOWRAH - VISAKHAPATNAM HUMSAFAR,4,4,HWH|FZR|BDTS|VSKP,HWH,VSKP
15552,HOWRAH - VIJAYAWADA INTERCITY,4,4,HWH|JP|MS|BZA,HWH,BZA
15553,HOWRAH - GUWAHATI SUPERFAST,4,4,HWH|INDB|GKP|GHY,HWH,GHY
15554,HOWRAH - AGARTALA EXPRESS,4,4,HWH|ST|FZR|AGTL,HWH,AGTL
15555,SEALDAH - BENGALURU MAIL,4,4,SDAH|PUNE|GWL|SBC,SDAH,SBC
15556,SEALDAH - YESVANTPUR JAN SHATABDI,4,4,SDAH|MYS|MAO|YPR,SDAH,YPR
15557,SEALDAH - CHENNAI CENTRAL GARIB RATH,4,4,SDAH|ERS|MDU|MAS,SDAH,MAS
15558,SEALDAH - CHENNAI EGMORE HUMSAFAR,4,4,SDAH|MDU|GHY|MS,SDAH,MS
15559,SEALDAH - HYDERABAD INTERCITY,4,4,SDAH|R|CSMT|HYB,SDAH,HYB
15560,SEALDAH - SECUNDERABAD SUPERFAST,4,4,SDAH|BZA|MAS|SC,SDAH,SC
15561,SEALDAH - LUCKNOW EXPRESS,4,4,SDAH|NDLS|AY|LKO,SDAH,LKO
15562,SEALDAH - KANPUR MAIL,4,4,SDAH|ANVT|ASR|CNB,SDAH,CNB
15563,SEALDAH - VARANASI JAN SHATABDI,4,4,SDAH|BDTS|INDB|BSB,SDAH,BSB
15564,SEALDAH - AYODHYA GARIB RATH,3,3,SDAH|NGP|AY,SDAH,AY
15565,SEALDAH - GORAKHPUR HUMSAFAR,4,4,SDAH|MAS|CBE|GKP,SDAH,GKP
15566,SEALDAH - VGL JHANSI INTERCITY,4,4,SDAH|SC|BZA|VGLJ,SDAH,VGLJ
15567,SEALDAH - PATNA SUPERFAST,4,4,SDAH|BSB|MMCT|PNBE,SDAH,PNBE
15568,SEALDAH - RANCHI EXPRESS,4,4,SDAH|VGLJ|YPR|RNC,SDAH,RNC
15569,SEALDAH - TATANAGAR MAIL,3,3,SDAH|BSB|TATA,SDAH,TATA
15570,SEALDAH - CHANDIGARH JAN SHATABDI,3,3,SDAH|FZR|CDG,SDAH,CDG
15571,SEALDAH - AMRITSAR GARIB RATH,4,4,SDAH|JP|BPL|ASR,SDAH,ASR
15572,SEALDAH - FIROZPUR HUMSAFAR,4,4,SDAH|INDB|PUNE|FZR,SDAH,FZR
15573,SEALDAH - JAMMU TAWI INTERCITY,4,4,SDAH|ST|CLT|JAT,SDAH,JAT
15574,SEALDAH - KATRA SUPERFAST,4,4,SDAH|PUNE|VSKP|SVDK,SDAH,SVDK
15575,SEALDAH - JAIPUR EXPRESS,4,4,SDAH|MYS|ANVT|JP,SDAH,JP
15576,SEALDAH - KOTA MAIL,4,4,SDAH|ERS|SBC|KOTA,SDAH,KOTA
15577,SEALDAH - BHOPAL JAN SHATABDI,4,4,SDAH|MDU|CNB|BPL,SDAH,BPL
15578,SEALDAH - INDORE GARIB RATH,4,4,SDAH|R|TATA|INDB,SDAH,INDB
15579,SEALDAH - GWALIOR HUMSAFAR,4,4,SDAH|BZA|KOTA|GWL,SDAH,GWL
15580,SEALDAH - AHMEDABAD INTERCITY,4,4,SDAH|NDLS|RJT|ADI,SDAH,ADI
15581,SEALDAH - SURAT SUPERFAST,4,4,SDAH|ANVT|ERS|ST,SDAH,ST
15582,SEALDAH - VADODARA EXPRESS,4,4,SDAH|BDTS|BSP|BRC,SDAH,BRC
15583,SEALDAH - RAJKOT MAIL,3,3,SDAH|NZM|RJT,SDAH,RJT
15584,SEALDAH - PUNE JAN SHATABDI,3,3,SDAH|MAS|PUNE,SDAH,PUNE
15585,SEALDAH - NAGPUR GARIB RATH,4,4,SDAH|SC|LKO|NGP,SDAH,NGP
15586,SEALDAH - MADGAON HUMSAFAR,4,4,SDAH|BSB|RNC|MAO,SDAH,MAO
15587,SEALDAH - MYSURU INTERCITY,4,4,SDAH|VGLJ|JP|MYS,SDAH,MYS
15588,SEALDAH - HUBBALLI SUPERFAST,4,4,SDAH|TATA|BRC|UBL,SDAH,UBL
15589,SEALDAH - TRIVANDRUM EXPRESS,3,3,SDAH|FZR|TVC,SDAH,TVC
15590,SEALDAH - ERNAKULAM MAIL,4,4,SDAH|JP|R|ERS,SDAH,ERS
15591,SEALDAH - CLT JAN SHATABDI,4,4,SDAH|INDB|DLI|CLT,SDAH,CLT
15592,SEALDAH - COIMBATORE GARIB RATH,4,4,SDAH|ST|HWH|CBE,SDAH,CBE
15593,SEALDAH - MADURAI HUMSAFAR,4,4,SDAH|PUNE|SC|MDU,SDAH,MDU
15594,SEALDAH - BHUBANESWAR INTERCITY,4,4,SDAH|MYS|PNBE|BBS,SDAH,BBS
15595,SEALDAH - PURI SUPERFAST,4,4,SDAH|ERS|SVDK|PURI,SDAH,PURI
15596,SEALDAH - RAIPUR EXPRESS,4,4,SDAH|MDU|ST|R,SDAH,R
15597,SEALDAH - BILASPUR MAIL,4,4,SDAH|R|UBL|BSP,SDAH,BSP
15598,SEALDAH - VISAKHAPATNAM JAN SHATABDI,4,4,SDAH|BZA|PURI|VSKP,SDAH,VSKP
15599,SEALDAH - VIJAYAWADA GARIB RATH,3,3,SDAH|NDLS|BZA,SDAH,BZA
15600,SEALDAH - GUWAHATI HUMSAFAR,4,4,SDAH|ANVT|LTT|GHY,SDAH,GHY
15601,SEALDAH - AGARTALA INTERCITY,4,4,SDAH|BDTS|HYB|AGTL,SDAH,AGTL
15602,BENGALURU - YESVANTPUR SUPERFAST,4,4,SBC|SDAH|VGLJ|YPR,SBC,YPR
15603,BENGALURU - CHENNAI CENTRAL EXPRESS,3,3,SBC|JAT|MAS,SBC,MAS
15604,BENGALURU - CHENNAI EGMORE MAIL,4,4,SBC|SC|ADI|MS,SBC,MS
15605,BENGALURU - HYDERABAD JAN SHATABDI,4,4,SBC|BSB|MYS|HYB,SBC,HYB
15606,BENGALURU - SECUNDERABAD GARIB RATH,4,4,SBC|VGLJ|BBS|SC,SBC,SC
15607,BENGALURU - LUCKNOW HUMSAFAR,4,4,SBC|TATA|AGTL|LKO,SBC,LKO
15608,BENGALURU - KANPUR INTERCITY,4,4,SBC|FZR|BDTS|CNB,SBC,CNB
15609,BENGALURU - VARANASI SUPERFAST,4,4,SBC|JP|MS|BSB,SBC,BSB
15610,BENGALURU - AYODHYA EXPRESS,4,4,SBC|INDB|GKP|AY,SBC,AY
15611,BENGALURU - GORAKHPUR MAIL,4,4,SBC|ST|FZR|GKP,SBC,GKP
15612,BENGALURU - VGL JHANSI JAN SHATABDI,4,4,SBC|PUNE|GWL|VGLJ,SBC,VGLJ
15613,BENGALURU - PATNA GARIB RATH,4,4,SBC|MYS|MAO|PNBE,SBC,PNBE
15614,BENGALURU - RANCHI HUMSAFAR,4,4,SBC|ERS|MDU|RNC,SBC,RNC
15615,BENGALURU - TATANAGAR INTERCITY,4,4,SBC|MDU|GHY|TATA,SBC,TATA
15616,BENGALURU - CHANDIGARH SUPERFAST,4,4,SBC|R|CSMT|CDG,SBC,CDG
15617,BENGALURU - AMRITSAR EXPRESS,4,4,SBC|BZA|MAS|ASR,SBC,ASR
15618,BENGALURU - FIROZPUR MAIL,4,4,SBC|NDLS|AY|FZR,SBC,FZR
15619,BENGALURU - JAMMU TAWI JAN SHATABDI,4,4,SBC|ANVT|ASR|JAT,SBC,JAT
15620,BENGALURU - KATRA GARIB RATH,4,4,SBC|BDTS|INDB|SVDK,SBC,SVDK
15621,BENGALURU - JAIPUR HUMSAFAR,4,4,SBC|SDAH|NGP|JP,SBC,JP
15622,BENGALURU - KOTA INTERCITY,4,4,SBC|MAS|CBE|KOTA,SBC,KOTA
15623,BENGALURU - BHOPAL SUPERFAST,4,4,SBC|SC|BZA|BPL,SBC,BPL
15624,BENGALURU - INDORE EXPRESS,4,4,SBC|BSB|MMCT|INDB,SBC,INDB
15625,BENGALURU - GWALIOR MAIL,4,4,SBC|VGLJ|YPR|GWL,SBC,GWL
15626,BENGALURU - AHMEDABAD JAN SHATABDI,4,4,SBC|TATA|BSB|ADI,SBC,ADI
15627,BENGALURU - SURAT GARIB RATH,4,4,SBC|FZR|CDG|ST,SBC,ST
15628,BENGALURU - VADODARA HUMSAFAR,4,4,SBC|JP|BPL|BRC,SBC,BRC
15629,BENGALURU - RAJKOT INTERCITY,4,4,SBC|INDB|PUNE|RJT,SBC,RJT
15630,BENGALURU - PUNE SUPERFAST,4,4,SBC|ST|CLT|PUNE,SBC,PUNE
15631,BENGALURU - NAGPUR EXPRESS,4,4,SBC|PUNE|VSKP|NGP,SBC,NGP
15632,BENGALURU - MADGAON MAIL,4,4,SBC|MYS|ANVT|MAO,SBC,MAO
15633,BENGALURU - MYSURU JAN SHATABDI,3,3,SBC|ERS|MYS,SBC,MYS
15634,BENGALURU - HUBBALLI GARIB RATH,4,4,SBC|MDU|CNB|UBL,SBC,UBL
15635,BENGALURU - TRIVANDRUM HUMSAFAR,4,4,SBC|R|TATA|TVC,SBC,TVC
15636,BENGALURU - ERNAKULAM INTERCITY,4,4,SBC|BZA|KOTA|ERS,SBC,ERS
15637,BENGALURU - CLT SUPERFAST,4,4,SBC|NDLS|RJT|CLT,SBC,CLT
15638,BENGALURU - COIMBATORE EXPRESS,4,4,SBC|ANVT|ERS|CBE,SBC,CBE
15639,BENGALURU - MADURAI MAIL,4,4,SBC|BDTS|BSP|MDU,SBC,MDU
15640,BENGALURU - BHUBANESWAR JAN SHATABDI,4,4,SBC|SDAH|NZM|BBS,SBC,BBS
15641,BENGALURU - PURI GARIB RATH,4,4,SBC|MAS|SDAH|PURI,SBC,PURI
15642,BENGALURU - RAIPUR HUMSAFAR,4,4,SBC|SC|LKO|R,SBC,R
15643,BENGALURU - BILASPUR INTERCITY,4,4,SBC|BSB|RNC|BSP,SBC,BSP
15644,BENGALURU - VISAKHAPATNAM SUPERFAST,4,4,SBC|VGLJ|JP|VSKP,SBC,VSKP
15645,BENGALURU - VIJAYAWADA EXPRESS,4,4,SBC|TATA|BRC|BZA,SBC,BZA
15646,BENGALURU - GUWAHATI MAIL,4,4,SBC|FZR|TVC|GHY,SBC,GHY
15647,BENGALURU - AGARTALA JAN SHATABDI,4,4,SBC|JP|R|AGTL,SBC,AGTL
15648,YESVANTPUR - CHENNAI CENTRAL GARIB RATH,4,4,YPR|INDB|DLI|MAS,YPR,MAS
15649,YESVANTPUR - CHENNAI EGMORE HUMSAFAR,4,4,YPR|ST|HWH|MS,YPR,MS
15650,YESVANTPUR - HYDERABAD INTERCITY,4,4,YPR|PUNE|SC|HYB,YPR,HYB
15651,YESVANTPUR - SECUNDERABAD SUPERFAST,4,4,YPR|MYS|PNBE|SC,YPR,SC
15652,YESVANTPUR - LUCKNOW EXPRESS,4,4,YPR|ERS|SVDK|LKO,YPR,LKO
15653,YESVANTPUR - KANPUR MAIL,4,4,YPR|MDU|ST|CNB,YPR,CNB
15654,YESVANTPUR - VARANASI JAN SHATABDI,4,4,YPR|R|UBL|BSB,YPR,BSB
15655,YESVANTPUR - AYODHYA GARIB RATH,4,4,YPR|BZA|PURI|AY,YPR,AY
15656,YESVANTPUR - GORAKHPUR HUMSAFAR,3,3,YPR|NDLS|GKP,YPR,GKP
15657,YESVANTPUR - VGL JHANSI INTERCITY,4,4,YPR|ANVT|LTT|VGLJ,YPR,VGLJ
15658,YESVANTPUR - PATNA SUPERFAST,4,4,YPR|BDTS|HYB|PNBE,YPR,PNBE
15659,YESVANTPUR - RANCHI EXPRESS,4,4,YPR|SDAH|VGLJ|RNC,YPR,RNC
15660,YESVANTPUR - TATANAGAR MAIL,4,4,YPR|MAS|JAT|TATA,YPR,TATA
15661,YESVANTPUR - CHANDIGARH JAN SHATABDI,4,4,YPR|SC|ADI|CDG,YPR,CDG
15662,YESVANTPUR - AMRITSAR GARIB RATH,4,4,YPR|BSB|MYS|ASR,YPR,ASR
15663,YESVANTPUR - FIROZPUR HUMSAFAR,4,4,YPR|VGLJ|BBS|FZR,YPR,FZR
15664,YESVANTPUR - JAMMU TAWI INTERCITY,4,4,YPR|TATA|AGTL|JAT,YPR,JAT
15665,YESVANTPUR - KATRA SUPERFAST,4,4,YPR|FZR|BDTS|SVDK,YPR,SVDK
15666,YESVANTPUR - JAIPUR EXPRESS,3,3,YPR|MS|JP,YPR,JP
15667,YESVANTPUR - KOTA MAIL,4,4,YPR|INDB|GKP|KOTA,YPR,KOTA
15668,YESVANTPUR - BHOPAL JAN SHATABDI,4,4,YPR|ST|FZR|BPL,YPR,BPL
15669,YESVANTPUR - INDORE GARIB RATH,4,4,YPR|PUNE|GWL|INDB,YPR,INDB
15670,YESVANTPUR - GWALIOR HUMSAFAR,4,4,YPR|MYS|MAO|GWL,YPR,GWL
15671,YESVANTPUR - AHMEDABAD INTERCITY,4,4,YPR|ERS|MDU|ADI,YPR,ADI
15672,YESVANTPUR - SURAT SUPERFAST,4,4,YPR|MDU|GHY|ST,YPR,ST
15673,YESVANTPUR - VADODARA EXPRESS,4,4,YPR|R|CSMT|BRC,YPR,BRC
15674,YESVANTPUR - RAJKOT MAIL,4,4,YPR|BZA|MAS|RJT,YPR,RJT
15675,YESVANTPUR - PUNE JAN SHATABDI,4,4,YPR|NDLS|AY|PUNE,YPR,PUNE
15676,YESVANTPUR - NAGPUR GARIB RATH,4,4,YPR|ANVT|ASR|NGP,YPR,NGP
15677,YESVANTPUR - MADGAON HUMSAFAR,4,4,YPR|BDTS|INDB|MAO,YPR,MAO
15678,YESVANTPUR - MYSURU INTERCITY,4,4,YPR|SDAH|NGP|MYS,YPR,MYS
15679,YESVANTPUR - HUBBALLI SUPERFAST,4,4,YPR|MAS|CBE|UBL,YPR,UBL
15680,YESVANTPUR - TRIVANDRUM EXPRESS,4,4,YPR|SC|BZA|TVC,YPR,TVC
15681,YESVANTPUR - ERNAKULAM MAIL,4,4,YPR|BSB|MMCT|ERS,YPR,ERS
15682,YESVANTPUR - CLT JAN SHATABDI,3,3,YPR|VGLJ|CLT,YPR,CLT
15683,YESVANTPUR - COIMBATORE GARIB RATH,4,4,YPR|TATA|BSB|CBE,YPR,CBE
15684,YESVANTPUR - MADURAI HUMSAFAR,4,4,YPR|FZR|CDG|MDU,YPR,MDU
15685,YESVANTPUR - BHUBANESWAR INTERCITY,4,4,YPR|JP|BPL|BBS,YPR,BBS
15686,YESVANTPUR - PURI SUPERFAST,4,4,YPR|INDB|PUNE|PURI,YPR,PURI
15687,YESVANTPUR - RAIPUR EXPRESS,4,4,YPR|ST|CLT|R,YPR,R
15688,YESVANTPUR - BILASPUR MAIL,4,4,YPR|PUNE|VSKP|BSP,YPR,BSP
15689,YESVANTPUR - VISAKHAPATNAM JAN SHATABDI,4,4,YPR|MYS|ANVT|VSKP,YPR,VSKP
15690,YESVANTPUR - VIJAYAWADA GARIB RATH,4,4,YPR|ERS|SBC|BZA,YPR,BZA
15691,YESVANTPUR - GUWAHATI HUMSAFAR,4,4,YPR|MDU|CNB|GHY,YPR,GHY
15692,YESVANTPUR - AGARTALA INTERCITY,4,4,YPR|R|TATA|AGTL,YPR,AGTL
15693,CHENNAI CENTRAL - CHENNAI EGMORE SUPERFAST,4,4,MAS|BZA|KOTA|MS,MAS,MS
15694,CHENNAI CENTRAL - HYDERABAD EXPRESS,4,4,MAS|NDLS|RJT|HYB,MAS,HYB
15695,CHENNAI CENTRAL - SECUNDERABAD MAIL,4,4,MAS|ANVT|ERS|SC,MAS,SC
15696,CHENNAI CENTRAL - LUCKNOW JAN SHATABDI,4,4,MAS|BDTS|BSP|LKO,MAS,LKO
15697,CHENNAI CENTRAL - KANPUR GARIB RATH,4,4,MAS|SDAH|NZM|CNB,MAS,CNB
15698,CHENNAI CENTRAL - VARANASI HUMSAFAR,3,3,MAS|SDAH|BSB,MAS,BSB
15699,CHENNAI CENTRAL - AYODHYA INTERCITY,4,4,MAS|SC|LKO|AY,MAS,AY
15700,CHENNAI CENTRAL - GORAKHPUR SUPERFAST,4,4,MAS|BSB|RNC|GKP,MAS,GKP
15701,CHENNAI CENTRAL - VGL JHANSI EXPRESS,3,3,MAS|JP|VGLJ,MAS,VGLJ
15702,CHENNAI CENTRAL - PATNA MAIL,4,4,MAS|TATA|BRC|PNBE,MAS,PNBE
15703,CHENNAI CENTRAL - RANCHI JAN SHATABDI,4,4,MAS|FZR|TVC|RNC,MAS,RNC
15704,CHENNAI CENTRAL - TATANAGAR GARIB RATH,4,4,MAS|JP|R|TATA,MAS,TATA
15705,CHENNAI CENTRAL - CHANDIGARH HUMSAFAR,4,4,MAS|INDB|DLI|CDG,MAS,CDG
15706,CHENNAI CENTRAL - AMRITSAR INTERCITY,4,4,MAS|ST|HWH|ASR,MAS,ASR
15707,CHENNAI CENTRAL - FIROZPUR SUPERFAST,4,4,MAS|PUNE|SC|FZR,MAS,FZR
15708,CHENNAI CENTRAL - JAMMU TAWI EXPRESS,4,4,MAS|MYS|PNBE|JAT,MAS,JAT
15709,CHENNAI CENTRAL - KATRA MAIL,3,3,MAS|ERS|SVDK,MAS,SVDK
15710,CHENNAI CENTRAL - JAIPUR JAN SHATABDI,4,4,MAS|MDU|ST|JP,MAS,JP
15711,CHENNAI CENTRAL - KOTA GARIB RATH,4,4,MAS|R|UBL|KOTA,MAS,KOTA
15712,CHENNAI CENTRAL - BHOPAL HUMSAFAR,4,4,MAS|BZA|PURI|BPL,MAS,BPL
15713,CHENNAI CENTRAL - INDORE INTERCITY,3,3,MAS|NDLS|INDB,MAS,INDB
15714,CHENNAI CENTRAL - GWALIOR SUPERFAST,4,4,MAS|ANVT|LTT|GWL,MAS,GWL
15715,CHENNAI CENTRAL - AHMEDABAD EXPRESS,4,4,MAS|BDTS|HYB|ADI,MAS,ADI
15716,CHENNAI CENTRAL - SURAT MAIL,4,4,MAS|SDAH|VGLJ|ST,MAS,ST
15717,CHENNAI CENTRAL - VADODARA JAN SHATABDI,3,3,MAS|JAT|BRC,MAS,BRC
15718,CHENNAI CENTRAL - RAJKOT GARIB RATH,4,4,MAS|SC|ADI|RJT,MAS,RJT
15719,CHENNAI CENTRAL - PUNE HUMSAFAR,4,4,MAS|BSB|MYS|PUNE,MAS,PUNE
15720,CHENNAI CENTRAL - NAGPUR INTERCITY,4,4,MAS|VGLJ|BBS|NGP,MAS,NGP
15721,CHENNAI CENTRAL - MADGAON SUPERFAST,4,4,MAS|TATA|AGTL|MAO,MAS,MAO
15722,CHENNAI CENTRAL - MYSURU EXPRESS,4,4,MAS|FZR|BDTS|MYS,MAS,MYS
15723,CHENNAI CENTRAL - HUBBALLI MAIL,4,4,MAS|JP|MS|UBL,MAS,UBL
15724,CHENNAI CENTRAL - TRIVANDRUM JAN SHATABDI,4,4,MAS|INDB|GKP|TVC,MAS,TVC
15725,CHENNAI CENTRAL - ERNAKULAM GARIB RATH,4,4,MAS|ST|FZR|ERS,MAS,ERS
15726,CHENNAI CENTRAL - CLT HUMSAFAR,4,4,MAS|PUNE|GWL|CLT,MAS,CLT
15727,CHENNAI CENTRAL - COIMBATORE INTERCITY,4,4,MAS|MYS|MAO|CBE,MAS,CBE
15728,CHENNAI CENTRAL - MADURAI SUPERFAST,3,3,MAS|ERS|MDU,MAS,MDU
15729,CHENNAI CENTRAL - BHUBANESWAR EXPRESS,4,4,MAS|MDU|GHY|BBS,MAS,BBS
15730,CHENNAI CENTRAL - PURI MAIL,4,4,MAS|R|CSMT|PURI,MAS,PURI
15731,CHENNAI CENTRAL - RAIPUR JAN SHATABDI,3,3,MAS|BZA|R,MAS,R
15732,CHENNAI CENTRAL - BILASPUR GARIB RATH,4,4,MAS|NDLS|AY|BSP,MAS,BSP
15733,CHENNAI CENTRAL - VISAKHAPATNAM HUMSAFAR,4,4,MAS|ANVT|ASR|VSKP,MAS,VSKP
15734,CHENNAI CENTRAL - VIJAYAWADA INTERCITY,4,4,MAS|BDTS|INDB|BZA,MAS,BZA
15735,CHENNAI CENTRAL - GUWAHATI SUPERFAST,4,4,MAS|SDAH|NGP|GHY,MAS,GHY
15736,CHENNAI CENTRAL - AGARTALA EXPRESS,3,3,MAS|CBE|AGTL,MAS,AGTL
15737,CHENNAI EGMORE - HYDERABAD MAIL,4,4,MS|SC|BZA|HYB,MS,HYB
15738,CHENNAI EGMORE - SECUNDERABAD JAN SHATABDI,4,4,MS|BSB|MMCT|SC,MS,SC
15739,CHENNAI EGMORE - LUCKNOW GARIB RATH,4,4,MS|VGLJ|YPR|LKO,MS,LKO
15740,CHENNAI EGMORE - KANPUR HUMSAFAR,4,4,MS|TATA|BSB|CNB,MS,CNB
15741,CHENNAI EGMORE - VARANASI INTERCITY,4,4,MS|FZR|CDG|BSB,MS,BSB
15742,CHENNAI EGMORE - AYODHYA SUPERFAST,4,4,MS|JP|BPL|AY,MS,AY
15743,CHENNAI EGMORE - GORAKHPUR EXPRESS,4,4,MS|INDB|PUNE|GKP,MS,GKP
15744,CHENNAI EGMORE - VGL JHANSI MAIL,4,4,MS|ST|CLT|VGLJ,MS,VGLJ
15745,CHENNAI EGMORE - PATNA JAN SHATABDI,4,4,MS|PUNE|VSKP|PNBE,MS,PNBE
15746,CHENNAI EGMORE - RANCHI GARIB RATH,4,4,MS|MYS|ANVT|RNC,MS,RNC
15747,CHENNAI EGMORE - TATANAGAR HUMSAFAR,4,4,MS|ERS|SBC|TATA,MS,TATA
15748,CHENNAI EGMORE - CHANDIGARH INTERCITY,4,4,MS|MDU|CNB|CDG,MS,CDG
15749,CHENNAI EGMORE - AMRITSAR SUPERFAST,4,4,MS|R|TATA|ASR,MS,ASR
15750,CHENNAI EGMORE - FIROZPUR EXPRESS,4,4,MS|BZA|KOTA|FZR,MS,FZR
15751,CHENNAI EGMORE - JAMMU TAWI MAIL,4,4,MS|NDLS|RJT|JAT,MS,JAT
15752,CHENNAI EGMORE - KATRA JAN SHATABDI,4,4,MS|ANVT|ERS|SVDK,MS,SVDK
15753,CHENNAI EGMORE - JAIPUR GARIB RATH,4,4,MS|BDTS|BSP|JP,MS,JP
15754,CHENNAI EGMORE - KOTA HUMSAFAR,4,4,MS|SDAH|NZM|KOTA,MS,KOTA
15755,CHENNAI EGMORE - BHOPAL INTERCITY,4,4,MS|MAS|SDAH|BPL,MS,BPL
15756,CHENNAI EGMORE - INDORE SUPERFAST,4,4,MS|SC|LKO|INDB,MS,INDB
15757,CHENNAI EGMORE - GWALIOR EXPRESS,4,4,MS|BSB|RNC|GWL,MS,GWL
15758,CHENNAI EGMORE - AHMEDABAD MAIL,4,4,MS|VGLJ|JP|ADI,MS,ADI
15759,CHENNAI EGMORE - SURAT JAN SHATABDI,4,4,MS|TATA|BRC|ST,MS,ST
15760,CHENNAI EGMORE - VADODARA GARIB RATH,4,4,MS|FZR|TVC|BRC,MS,BRC
15761,CHENNAI EGMORE - RAJKOT HUMSAFAR,4,4,MS|JP|R|RJT,MS,RJT
15762,CHENNAI EGMORE - PUNE INTERCITY,4,4,MS|INDB|DLI|PUNE,MS,PUNE
15763,CHENNAI EGMORE - NAGPUR SUPERFAST,4,4,MS|ST|HWH|NGP,MS,NGP
15764,CHENNAI EGMORE - MADGAON EXPRESS,4,4,MS|PUNE|SC|MAO,MS,MAO
15765,CHENNAI EGMORE - MYSURU MAIL,3,3,MS|PNBE|MYS,MS,MYS
15766,CHENNAI EGMORE - HUBBALLI JAN SHATABDI,4,4,MS|ERS|SVDK|UBL,MS,UBL
15767,CHENNAI EGMORE - TRIVANDRUM GARIB RATH,4,4,MS|MDU|ST|TVC,MS,TVC
15768,CHENNAI EGMORE - ERNAKULAM HUMSAFAR,4,4,MS|R|UBL|ERS,MS,ERS
15769,CHENNAI EGMORE - CLT INTERCITY,4,4,MS|BZA|PURI|CLT,MS,CLT
15770,CHENNAI EGMORE - COIMBATORE SUPERFAST,3,3,MS|NDLS|CBE,MS,CBE
15771,CHENNAI EGMORE - MADURAI EXPRESS,4,4,MS|ANVT|LTT|MDU,MS,MDU
15772,CHENNAI EGMORE - BHUBANESWAR MAIL,4,4,MS|BDTS|HYB|BBS,MS,BBS
15773,CHENNAI EGMORE - PURI JAN SHATABDI,4,4,MS|SDAH|VGLJ|PURI,MS,PURI
15774,CHENNAI EGMORE - RAIPUR GARIB RATH,4,4,MS|MAS|JAT|R,MS,R
15775,CHENNAI EGMORE - BILASPUR HUMSAFAR,4,4,MS|SC|ADI|BSP,MS,BSP
15776,CHENNAI EGMORE - VISAKHAPATNAM INTERCITY,4,4,MS|BSB|MYS|VSKP,MS,VSKP
15777,CHENNAI EGMORE - VIJAYAWADA SUPERFAST,4,4,MS|VGLJ|BBS|BZA,MS,BZA
15778,CHENNAI EGMORE - GUWAHATI EXPRESS,4,4,MS|TATA|AGTL|GHY,MS,GHY
15779,CHENNAI EGMORE - AGARTALA MAIL,4,4,MS|FZR|BDTS|AGTL,MS,AGTL
15780,HYDERABAD - SECUNDERABAD JAN SHATABDI,4,4,HYB|JP|MS|SC,HYB,SC
15781,HYDERABAD - LUCKNOW GARIB RATH,4,4,HYB|INDB|GKP|LKO,HYB,LKO
15782,HYDERABAD - KANPUR HUMSAFAR,4,4,HYB|ST|FZR|CNB,HYB,CNB
15783,HYDERABAD - VARANASI INTERCITY,4,4,HYB|PUNE|GWL|BSB,HYB,BSB
15784,HYDERABAD - AYODHYA SUPERFAST,4,4,HYB|MYS|MAO|AY,HYB,AY
15785,HYDERABAD - GORAKHPUR EXPRESS,4,4,HYB|ERS|MDU|GKP,HYB,GKP
15786,HYDERABAD - VGL JHANSI MAIL,4,4,HYB|MDU|GHY|VGLJ,HYB,VGLJ
15787,HYDERABAD - PATNA JAN SHATABDI,4,4,HYB|R|CSMT|PNBE,HYB,PNBE
15788,HYDERABAD - RANCHI GARIB RATH,4,4,HYB|BZA|MAS|RNC,HYB,RNC
15789,HYDERABAD - TATANAGAR HUMSAFAR,4,4,HYB|NDLS|AY|TATA,HYB,TATA
15790,HYDERABAD - CHANDIGARH INTERCITY,4,4,HYB|ANVT|ASR|CDG,HYB,CDG
15791,HYDERABAD - AMRITSAR SUPERFAST,4,4,HYB|BDTS|INDB|ASR,HYB,ASR
15792,HYDERABAD - FIROZPUR EXPRESS,4,4,HYB|SDAH|NGP|FZR,HYB,FZR
15793,HYDERABAD - JAMMU TAWI MAIL,4,4,HYB|MAS|CBE|JAT,HYB,JAT
15794,HYDERABAD - KATRA JAN SHATABDI,4,4,HYB|SC|BZA|SVDK,HYB,SVDK
15795,HYDERABAD - JAIPUR GARIB RATH,4,4,HYB|BSB|MMCT|JP,HYB,JP
15796,HYDERABAD - KOTA HUMSAFAR,4,4,HYB|VGLJ|YPR|KOTA,HYB,KOTA
15797,HYDERABAD - BHOPAL INTERCITY,4,4,HYB|TATA|BSB|BPL,HYB,BPL
15798,HYDERABAD - INDORE SUPERFAST,4,4,HYB|FZR|CDG|INDB,HYB,INDB
15799,HYDERABAD - GWALIOR EXPRESS,4,4,HYB|JP|BPL|GWL,HYB,GWL
15800,HYDERABAD - AHMEDABAD MAIL,4,4,HYB|INDB|PUNE|ADI,HYB,ADI
15801,HYDERABAD - SURAT JAN SHATABDI,3,3,HYB|CLT|ST,HYB,ST
15802,HYDERABAD - VADODARA GARIB RATH,4,4,HYB|PUNE|VSKP|BRC,HYB,BRC
15803,HYDERABAD - RAJKOT HUMSAFAR,4,4,HYB|MYS|ANVT|RJT,HYB,RJT
15804,HYDERABAD - PUNE INTERCITY,4,4,HYB|ERS|SBC|PUNE,HYB,PUNE
15805,HYDERABAD - NAGPUR SUPERFAST,4,4,HYB|MDU|CNB|NGP,HYB,NGP
15806,HYDERABAD - MADGAON EXPRESS,4,4,HYB|R|TATA|MAO,HYB,MAO
15807,HYDERABAD - MYSURU MAIL,4,4,HYB|BZA|KOTA|MYS,HYB,MYS
15808,HYDERABAD - HUBBALLI JAN SHATABDI,4,4,HYB|NDLS|RJT|UBL,HYB,UBL
15809,HYDERABAD - TRIVANDRUM GARIB RATH,4,4,HYB|ANVT|ERS|TVC,HYB,TVC
15810,HYDERABAD - ERNAKULAM HUMSAFAR,4,4,HYB|BDTS|BSP|ERS,HYB,ERS
15811,HYDERABAD - CLT INTERCITY,4,4,HYB|SDAH|NZM|CLT,HYB,CLT
15812,HYDERABAD - COIMBATORE SUPERFAST,4,4,HYB|MAS|SDAH|CBE,HYB,CBE
15813,HYDERABAD - MADURAI EXPRESS,4,4,HYB|SC|LKO|MDU,HYB,MDU
15814,HYDERABAD - BHUBANESWAR MAIL,4,4,HYB|BSB|RNC|BBS,HYB,BBS
15815,HYDERABAD - PURI JAN SHATABDI,4,4,HYB|VGLJ|JP|PURI,HYB,PURI
15816,HYDERABAD - RAIPUR GARIB RATH,4,4,HYB|TATA|BRC|R,HYB,R
15817,HYDERABAD - BILASPUR HUMSAFAR,4,4,HYB|FZR|TVC|BSP,HYB,BSP
15818,HYDERABAD - VISAKHAPATNAM INTERCITY,4,4,HYB|JP|R|VSKP,HYB,VSKP
15819,HYDERABAD - VIJAYAWADA SUPERFAST,4,4,HYB|INDB|DLI|BZA,HYB,BZA
15820,HYDERABAD - GUWAHATI EXPRESS,4,4,HYB|ST|HWH|GHY,HYB,GHY
15821,HYDERABAD - AGARTALA MAIL,4,4,HYB|PUNE|SC|AGTL,HYB,AGTL
15822,SECUNDERABAD - LUCKNOW JAN SHATABDI,4,4,SC|MYS|PNBE|LKO,SC,LKO
15823,SECUNDERABAD - KANPUR GARIB RATH,4,4,SC|ERS|SVDK|CNB,SC,CNB
15824,SECUNDERABAD - VARANASI HUMSAFAR,4,4,SC|MDU|ST|BSB,SC,BSB
15825,SECUNDERABAD - AYODHYA INTERCITY,4,4,SC|R|UBL|AY,SC,AY
15826,SECUNDERABAD - GORAKHPUR SUPERFAST,4,4,SC|BZA|PURI|GKP,SC,GKP
15827,SECUNDERABAD - VGL JHANSI EXPRESS,3,3,SC|NDLS|VGLJ,SC,VGLJ
15828,SECUNDERABAD - PATNA MAIL,4,4,SC|ANVT|LTT|PNBE,SC,PNBE
15829,SECUNDERABAD - RANCHI JAN SHATABDI,4,4,SC|BDTS|HYB|RNC,SC,RNC
15830,SECUNDERABAD - TATANAGAR GARIB RATH,4,4,SC|SDAH|VGLJ|TATA,SC,TATA
15831,SECUNDERABAD - CHANDIGARH HUMSAFAR,4,4,SC|MAS|JAT|CDG,SC,CDG
15832,SECUNDERABAD - AMRITSAR INTERCITY,3,3,SC|ADI|ASR,SC,ASR
15833,SECUNDERABAD - FIROZPUR SUPERFAST,4,4,SC|BSB|MYS|FZR,SC,FZR
15834,SECUNDERABAD - JAMMU TAWI EXPRESS,4,4,SC|VGLJ|BBS|JAT,SC,JAT
15835,SECUNDERABAD - KATRA MAIL,4,4,SC|TATA|AGTL|SVDK,SC,SVDK
15836,SECUNDERABAD - JAIPUR JAN SHATABDI,4,4,SC|FZR|BDTS|JP,SC,JP
15837,SECUNDERABAD - KOTA GARIB RATH,4,4,SC|JP|MS|KOTA,SC,KOTA
15838,SECUNDERABAD - BHOPAL HUMSAFAR,4,4,SC|INDB|GKP|BPL,SC,BPL
15839,SECUNDERABAD - INDORE INTERCITY,4,4,SC|ST|FZR|INDB,SC,INDB
15840,SECUNDERABAD - GWALIOR SUPERFAST,3,3,SC|PUNE|GWL,SC,GWL
15841,SECUNDERABAD - AHMEDABAD EXPRESS,4,4,SC|MYS|MAO|ADI,SC,ADI
15842,SECUNDERABAD - SURAT MAIL,4,4,SC|ERS|MDU|ST,SC,ST
15843,SECUNDERABAD - VADODARA JAN SHATABDI,4,4,SC|MDU|GHY|BRC,SC,BRC
15844,SECUNDERABAD - RAJKOT GARIB RATH,4,4,SC|R|CSMT|RJT,SC,RJT
15845,SECUNDERABAD - PUNE HUMSAFAR,4,4,SC|BZA|MAS|PUNE,SC,PUNE
15846,SECUNDERABAD - NAGPUR INTERCITY,4,4,SC|NDLS|AY|NGP,SC,NGP
15847,SECUNDERABAD - MADGAON SUPERFAST,4,4,SC|ANVT|ASR|MAO,SC,MAO
15848,SECUNDERABAD - MYSURU EXPRESS,4,4,SC|BDTS|INDB|MYS,SC,MYS
15849,SECUNDERABAD - HUBBALLI MAIL,4,4,SC|SDAH|NGP|UBL,SC,UBL
15850,SECUNDERABAD - TRIVANDRUM JAN SHATABDI,4,4,SC|MAS|CBE|TVC,SC,TVC
15851,SECUNDERABAD - ERNAKULAM GARIB RATH,3,3,SC|BZA|ERS,SC,ERS
15852,SECUNDERABAD - CLT HUMSAFAR,4,4,SC|BSB|MMCT|CLT,SC,CLT
15853,SECUNDERABAD - COIMBATORE INTERCITY,4,4,SC|VGLJ|YPR|CBE,SC,CBE
15854,SECUNDERABAD - MADURAI SUPERFAST,4,4,SC|TATA|BSB|MDU,SC,MDU
15855,SECUNDERABAD - BHUBANESWAR EXPRESS,4,4,SC|FZR|CDG|BBS,SC,BBS
15856,SECUNDERABAD - PURI MAIL,4,4,SC|JP|BPL|PURI,SC,PURI
15857,SECUNDERABAD - RAIPUR JAN SHATABDI,4,4,SC|INDB|PUNE|R,SC,R
15858,SECUNDERABAD - BILASPUR GARIB RATH,4,4,SC|ST|CLT|BSP,SC,BSP
15859,SECUNDERABAD - VISAKHAPATNAM HUMSAFAR,3,3,SC|PUNE|VSKP,SC,VSKP
15860,SECUNDERABAD - VIJAYAWADA INTERCITY,4,4,SC|MYS|ANVT|BZA,SC,BZA
15861,SECUNDERABAD - GUWAHATI SUPERFAST,4,4,SC|ERS|SBC|GHY,SC,GHY
15862,SECUNDERABAD - AGARTALA EXPRESS,4,4,SC|MDU|CNB|AGTL,SC,AGTL
15863,LUCKNOW - KANPUR MAIL,4,4,LKO|R|TATA|CNB,LKO,CNB
15864,LUCKNOW - VARANASI JAN SHATABDI,4,4,LKO|BZA|KOTA|BSB,LKO,BSB
15865,LUCKNOW - AYODHYA GARIB RATH,4,4,LKO|NDLS|RJT|AY,LKO,AY
15866,LUCKNOW - GORAKHPUR HUMSAFAR,4,4,LKO|ANVT|ERS|GKP,LKO,GKP
15867,LUCKNOW - VGL JHANSI INTERCITY,4,4,LKO|BDTS|BSP|VGLJ,LKO,VGLJ
15868,LUCKNOW - PATNA SUPERFAST,4,4,LKO|SDAH|NZM|PNBE,LKO,PNBE
15869,LUCKNOW - RANCHI EXPRESS,4,4,LKO|MAS|SDAH|RNC,LKO,RNC
15870,LUCKNOW - TATANAGAR MAIL,3,3,LKO|SC|TATA,LKO,TATA
15871,LUCKNOW - CHANDIGARH JAN SHATABDI,4,4,LKO|BSB|RNC|CDG,LKO,CDG
15872,LUCKNOW - AMRITSAR GARIB RATH,4,4,LKO|VGLJ|JP|ASR,LKO,ASR
15873,LUCKNOW - FIROZPUR HUMSAFAR,4,4,LKO|TATA|BRC|FZR,LKO,FZR
15874,LUCKNOW - JAMMU TAWI INTERCITY,4,4,LKO|FZR|TVC|JAT,LKO,JAT
15875,LUCKNOW - KATRA SUPERFAST,4,4,LKO|JP|R|SVDK,LKO,SVDK
15876,LUCKNOW - JAIPUR EXPRESS,4,4,LKO|INDB|DLI|JP,LKO,JP
15877,LUCKNOW - KOTA MAIL,4,4,LKO|ST|HWH|KOTA,LKO,KOTA
15878,LUCKNOW - BHOPAL JAN SHATABDI,4,4,LKO|PUNE|SC|BPL,LKO,BPL
15879,LUCKNOW - INDORE GARIB RATH,4,4,LKO|MYS|PNBE|INDB,LKO,INDB
15880,LUCKNOW - GWALIOR HUMSAFAR,4,4,LKO|ERS|SVDK|GWL,LKO,GWL
15881,LUCKNOW - AHMEDABAD INTERCITY,4,4,LKO|MDU|ST|ADI,LKO,ADI
15882,LUCKNOW - SURAT SUPERFAST,4,4,LKO|R|UBL|ST,LKO,ST
15883,LUCKNOW - VADODARA EXPRESS,4,4,LKO|BZA|PURI|BRC,LKO,BRC
15884,LUCKNOW - RAJKOT MAIL,3,3,LKO|NDLS|RJT,LKO,RJT
15885,LUCKNOW - PUNE JAN SHATABDI,4,4,LKO|ANVT|LTT|PUNE,LKO,PUNE
15886,LUCKNOW - NAGPUR GARIB RATH,4,4,LKO|BDTS|HYB|NGP,LKO,NGP
15887,LUCKNOW - MADGAON HUMSAFAR,4,4,LKO|SDAH|VGLJ|MAO,LKO,MAO
15888,LUCKNOW - MYSURU INTERCITY,4,4,LKO|MAS|JAT|MYS,LKO,MYS
15889,LUCKNOW - HUBBALLI SUPERFAST,4,4,LKO|SC|ADI|UBL,LKO,UBL
15890,LUCKNOW - TRIVANDRUM EXPRESS,4,4,LKO|BSB|MYS|TVC,LKO,TVC
15891,LUCKNOW - ERNAKULAM MAIL,4,4,LKO|VGLJ|BBS|ERS,LKO,ERS
15892,LUCKNOW - CLT JAN SHATABDI,4,4,LKO|TATA|AGTL|CLT,LKO,CLT
15893,LUCKNOW - COIMBATORE GARIB RATH,4,4,LKO|FZR|BDTS|CBE,LKO,CBE
15894,LUCKNOW - MADURAI HUMSAFAR,4,4,LKO|JP|MS|MDU,LKO,MDU
15895,LUCKNOW - BHUBANESWAR INTERCITY,4,4,LKO|INDB|GKP|BBS,LKO,BBS
15896,LUCKNOW - PURI SUPERFAST,4,4,LKO|ST|FZR|PURI,LKO,PURI
15897,LUCKNOW - RAIPUR EXPRESS,4,4,LKO|PUNE|GWL|R,LKO,R
15898,LUCKNOW - BILASPUR MAIL,4,4,LKO|MYS|MAO|BSP,LKO,BSP
15899,LUCKNOW - VISAKHAPATNAM JAN SHATABDI,4,4,LKO|ERS|MDU|VSKP,LKO,VSKP
15900,LUCKNOW - VIJAYAWADA GARIB RATH,4,4,LKO|MDU|GHY|BZA,LKO,BZA
15901,LUCKNOW - GUWAHATI HUMSAFAR,4,4,LKO|R|CSMT|GHY,LKO,GHY
15902,LUCKNOW - AGARTALA INTERCITY,4,4,LKO|BZA|MAS|AGTL,LKO,AGTL
15903,KANPUR - VARANASI SUPERFAST,4,4,CNB|NDLS|AY|BSB,CNB,BSB
15904,KANPUR - AYODHYA EXPRESS,4,4,CNB|ANVT|ASR|AY,CNB,AY
15905,KANPUR - GORAKHPUR MAIL,4,4,CNB|BDTS|INDB|GKP,CNB,GKP
15906,KANPUR - VGL JHANSI JAN SHATABDI,4,4,CNB|SDAH|NGP|VGLJ,CNB,VGLJ
15907,KANPUR - PATNA GARIB RATH,4,4,CNB|MAS|CBE|PNBE,CNB,PNBE
15908,KANPUR - RANCHI HUMSAFAR,4,4,CNB|SC|BZA|RNC,CNB,RNC
15909,KANPUR - TATANAGAR INTERCITY,4,4,CNB|BSB|MMCT|TATA,CNB,TATA
15910,KANPUR - CHANDIGARH SUPERFAST,4,4,CNB|VGLJ|YPR|CDG,CNB,CDG
15911,KANPUR - AMRITSAR EXPRESS,4,4,CNB|TATA|BSB|ASR,CNB,ASR
15912,KANPUR - FIROZPUR MAIL,3,3,CNB|CDG|FZR,CNB,FZR
15913,KANPUR - JAMMU TAWI JAN SHATABDI,4,4,CNB|JP|BPL|JAT,CNB,JAT
15914,KANPUR - KATRA GARIB RATH,4,4,CNB|INDB|PUNE|SVDK,CNB,SVDK
15915,KANPUR - JAIPUR HUMSAFAR,4,4,CNB|ST|CLT|JP,CNB,JP
15916,KANPUR - KOTA INTERCITY,4,4,CNB|PUNE|VSKP|KOTA,CNB,KOTA
15917,KANPUR - BHOPAL SUPERFAST,4,4,CNB|MYS|ANVT|BPL,CNB,BPL
15918,KANPUR - INDORE EXPRESS,4,4,CNB|ERS|SBC|INDB,CNB,INDB
15919,KANPUR - GWALIOR MAIL,3,3,CNB|MDU|GWL,CNB,GWL
15920,KANPUR - AHMEDABAD JAN SHATABDI,4,4,CNB|R|TATA|ADI,CNB,ADI
15921,KANPUR - SURAT GARIB RATH,4,4,CNB|BZA|KOTA|ST,CNB,ST
15922,KANPUR - VADODARA HUMSAFAR,4,4,CNB|NDLS|RJT|BRC,CNB,BRC
15923,KANPUR - RAJKOT INTERCITY,4,4,CNB|ANVT|ERS|RJT,CNB,RJT
15924,KANPUR - PUNE SUPERFAST,4,4,CNB|BDTS|BSP|PUNE,CNB,PUNE
15925,KANPUR - NAGPUR EXPRESS,4,4,CNB|SDAH|NZM|NGP,CNB,NGP
15926,KANPUR - MADGAON MAIL,4,4,CNB|MAS|SDAH|MAO,CNB,MAO
15927,KANPUR - MYSURU JAN SHATABDI,4,4,CNB|SC|LKO|MYS,CNB,MYS
15928,KANPUR - HUBBALLI GARIB RATH,4,4,CNB|BSB|RNC|UBL,CNB,UBL
15929,KANPUR - TRIVANDRUM HUMSAFAR,4,4,CNB|VGLJ|JP|TVC,CNB,TVC
15930,KANPUR - ERNAKULAM INTERCITY,4,4,CNB|TATA|BRC|ERS,CNB,ERS
15931,KANPUR - CLT SUPERFAST,4,4,CNB|FZR|TVC|CLT,CNB,CLT
15932,KANPUR - COIMBATORE EXPRESS,4,4,CNB|JP|R|CBE,CNB,CBE
15933,KANPUR - MADURAI MAIL,4,4,CNB|INDB|DLI|MDU,CNB,MDU
15934,KANPUR - BHUBANESWAR JAN SHATABDI,4,4,CNB|ST|HWH|BBS,CNB,BBS
15935,KANPUR - PURI GARIB RATH,4,4,CNB|PUNE|SC|PURI,CNB,PURI
15936,KANPUR - RAIPUR HUMSAFAR,4,4,CNB|MYS|PNBE|R,CNB,R
15937,KANPUR - BILASPUR INTERCITY,4,4,CNB|ERS|SVDK|BSP,CNB,BSP
15938,KANPUR - VISAKHAPATNAM SUPERFAST,4,4,CNB|MDU|ST|VSKP,CNB,VSKP
15939,KANPUR - VIJAYAWADA EXPRESS,4,4,CNB|R|UBL|BZA,CNB,BZA
15940,KANPUR - GUWAHATI MAIL,4,4,CNB|BZA|PURI|GHY,CNB,GHY
15941,KANPUR - AGARTALA JAN SHATABDI,3,3,CNB|NDLS|AGTL,CNB,AGTL
15942,VARANASI - AYODHYA GARIB RATH,4,4,BSB|ANVT|LTT|AY,BSB,AY
15943,VARANASI - GORAKHPUR HUMSAFAR,4,4,BSB|BDTS|HYB|GKP,BSB,GKP
15944,VARANASI - VGL JHANSI INTERCITY,3,3,BSB|SDAH|VGLJ,BSB,VGLJ
15945,VARANASI - PATNA SUPERFAST,4,4,BSB|MAS|JAT|PNBE,BSB,PNBE
15946,VARANASI - RANCHI EXPRESS,4,4,BSB|SC|ADI|RNC,BSB,RNC
15947,VARANASI - TATANAGAR MAIL,3,3,BSB|MYS|TATA,BSB,TATA
15948,VARANASI - CHANDIGARH JAN SHATABDI,4,4,BSB|VGLJ|BBS|CDG,BSB,CDG
15949,VARANASI - AMRITSAR GARIB RATH,4,4,BSB|TATA|AGTL|ASR,BSB,ASR
15950,VARANASI - FIROZPUR HUMSAFAR,3,3,BSB|BDTS|FZR,BSB,FZR
15951,VARANASI - JAMMU TAWI INTERCITY,4,4,BSB|JP|MS|JAT,BSB,JAT
15952,VARANASI - KATRA SUPERFAST,4,4,BSB|INDB|GKP|SVDK,BSB,SVDK
15953,VARANASI - JAIPUR EXPRESS,4,4,BSB|ST|FZR|JP,BSB,JP
15954,VARANASI - KOTA MAIL,4,4,BSB|PUNE|GWL|KOTA,BSB,KOTA
15955,VARANASI - BHOPAL JAN SHATABDI,4,4,BSB|MYS|MAO|BPL,BSB,BPL
15956,VARANASI - INDORE GARIB RATH,4,4,BSB|ERS|MDU|INDB,BSB,INDB
15957,VARANASI - GWALIOR HUMSAFAR,4,4,BSB|MDU|GHY|GWL,BSB,GWL
15958,VARANASI - AHMEDABAD INTERCITY,4,4,BSB|R|CSMT|ADI,BSB,ADI
15959,VARANASI - SURAT SUPERFAST,4,4,BSB|BZA|MAS|ST,BSB,ST
15960,VARANASI - VADODARA EXPRESS,4,4,BSB|NDLS|AY|BRC,BSB,BRC
15961,VARANASI - RAJKOT MAIL,4,4,BSB|ANVT|ASR|RJT,BSB,RJT
15962,VARANASI - PUNE JAN SHATABDI,4,4,BSB|BDTS|INDB|PUNE,BSB,PUNE
15963,VARANASI - NAGPUR GARIB RATH,3,3,BSB|SDAH|NGP,BSB,NGP
15964,VARANASI - MADGAON HUMSAFAR,4,4,BSB|MAS|CBE|MAO,BSB,MAO
15965,VARANASI - MYSURU INTERCITY,4,4,BSB|SC|BZA|MYS,BSB,MYS
15966,VARANASI - HUBBALLI SUPERFAST,3,3,BSB|MMCT|UBL,BSB,UBL
15967,VARANASI - TRIVANDRUM EXPRESS,4,4,BSB|VGLJ|YPR|TVC,BSB,TVC
15968,VARANASI - ERNAKULAM MAIL,3,3,BSB|TATA|ERS,BSB,ERS
15969,VARANASI - CLT JAN SHATABDI,4,4,BSB|FZR|CDG|CLT,BSB,CLT
15970,VARANASI - COIMBATORE GARIB RATH,4,4,BSB|JP|BPL|CBE,BSB,CBE
15971,VARANASI - MADURAI HUMSAFAR,4,4,BSB|INDB|PUNE|MDU,BSB,MDU
15972,VARANASI - BHUBANESWAR INTERCITY,4,4,BSB|ST|CLT|BBS,BSB,BBS
15973,VARANASI - PURI SUPERFAST,4,4,BSB|PUNE|VSKP|PURI,BSB,PURI
15974,VARANASI - RAIPUR EXPRESS,4,4,BSB|MYS|ANVT|R,BSB,R
15975,VARANASI - BILASPUR MAIL,4,4,BSB|ERS|SBC|BSP,BSB,BSP
15976,VARANASI - VISAKHAPATNAM JAN SHATABDI,4,4,BSB|MDU|CNB|VSKP,BSB,VSKP
15977,VARANASI - VIJAYAWADA GARIB RATH,4,4,BSB|R|TATA|BZA,BSB,BZA
15978,VARANASI - GUWAHATI HUMSAFAR,4,4,BSB|BZA|KOTA|GHY,BSB,GHY
15979,VARANASI - AGARTALA INTERCITY,4,4,BSB|NDLS|RJT|AGTL,BSB,AGTL
15980,AYODHYA - GORAKHPUR SUPERFAST,4,4,AY|ANVT|ERS|GKP,AY,GKP
15981,AYODHYA - VGL JHANSI EXPRESS,4,4,AY|BDTS|BSP|VGLJ,AY,VGLJ
15982,AYODHYA - PATNA MAIL,4,4,AY|SDAH|NZM|PNBE,AY,PNBE
15983,AYODHYA - RANCHI JAN SHATABDI,4,4,AY|MAS|SDAH|RNC,AY,RNC
15984,AYODHYA - TATANAGAR GARIB RATH,4,4,AY|SC|LKO|TATA,AY,TATA
15985,AYODHYA - CHANDIGARH HUMSAFAR,4,4,AY|BSB|RNC|CDG,AY,CDG
15986,AYODHYA - AMRITSAR INTERCITY,4,4,AY|VGLJ|JP|ASR,AY,ASR
15987,AYODHYA - FIROZPUR SUPERFAST,4,4,AY|TATA|BRC|FZR,AY,FZR
15988,AYODHYA - JAMMU TAWI EXPRESS,4,4,AY|FZR|TVC|JAT,AY,JAT
15989,AYODHYA - KATRA MAIL,4,4,AY|JP|R|SVDK,AY,SVDK
15990,AYODHYA - JAIPUR JAN SHATABDI,4,4,AY|INDB|DLI|JP,AY,JP
15991,AYODHYA - KOTA GARIB RATH,4,4,AY|ST|HWH|KOTA,AY,KOTA
15992,AYODHYA - BHOPAL HUMSAFAR,4,4,AY|PUNE|SC|BPL,AY,BPL
15993,AYODHYA - INDORE INTERCITY,4,4,AY|MYS|PNBE|INDB,AY,INDB
15994,AYODHYA - GWALIOR SUPERFAST,4,4,AY|ERS|SVDK|GWL,AY,GWL
15995,AYODHYA - AHMEDABAD EXPRESS,4,4,AY|MDU|ST|ADI,AY,ADI
15996,AYODHYA - SURAT MAIL,4,4,AY|R|UBL|ST,AY,ST
15997,AYODHYA - VADODARA JAN SHATABDI,4,4,AY|BZA|PURI|BRC,AY,BRC
15998,AYODHYA - RAJKOT GARIB RATH,3,3,AY|NDLS|RJT,AY,RJT
15999,AYODHYA - PUNE HUMSAFAR,4,4,AY|ANVT|LTT|PUNE,AY,PUNE
16000,AYODHYA - NAGPUR INTERCITY,4,4,AY|BDTS|HYB|NGP,AY,NGP
16001,AYODHYA - MADGAON SUPERFAST,4,4,AY|SDAH|VGLJ|MAO,AY,MAO
16002,AYODHYA - MYSURU EXPRESS,4,4,AY|MAS|JAT|MYS,AY,MYS
16003,AYODHYA - HUBBALLI MAIL,4,4,AY|SC|ADI|UBL,AY,UBL
16004,AYODHYA - TRIVANDRUM JAN SHATABDI,4,4,AY|BSB|MYS|TVC,AY,TVC
16005,AYODHYA - ERNAKULAM GARIB RATH,4,4,AY|VGLJ|BBS|ERS,AY,ERS
16006,AYODHYA - CLT HUMSAFAR,4,4,AY|TATA|AGTL|CLT,AY,CLT
16007,AYODHYA - COIMBATORE INTERCITY,4,4,AY|FZR|BDTS|CBE,AY,CBE
16008,AYODHYA - MADURAI SUPERFAST,4,4,AY|JP|MS|MDU,AY,MDU
16009,AYODHYA - BHUBANESWAR EXPRESS,4,4,AY|INDB|GKP|BBS,AY,BBS
16010,AYODHYA - PURI MAIL,4,4,AY|ST|FZR|PURI,AY,PURI
16011,AYODHYA - RAIPUR JAN SHATABDI,4,4,AY|PUNE|GWL|R,AY,R
16012,AYODHYA - BILASPUR GARIB RATH,4,4,AY|MYS|MAO|BSP,AY,BSP
16013,AYODHYA - VISAKHAPATNAM HUMSAFAR,4,4,AY|ERS|MDU|VSKP,AY,VSKP
16014,AYODHYA - VIJAYAWADA INTERCITY,4,4,AY|MDU|GHY|BZA,AY,BZA
16015,AYODHYA - GUWAHATI SUPERFAST,4,4,AY|R|CSMT|GHY,AY,GHY
16016,AYODHYA - AGARTALA EXPRESS,4,4,AY|BZA|MAS|AGTL,AY,AGTL
16017,GORAKHPUR - VGL JHANSI MAIL,4,4,GKP|NDLS|AY|VGLJ,GKP,VGLJ
16018,GORAKHPUR - PATNA JAN SHATABDI,4,4,GKP|ANVT|ASR|PNBE,GKP,PNBE
16019,GORAKHPUR - RANCHI GARIB RATH,4,4,GKP|BDTS|INDB|RNC,GKP,RNC
16020,GORAKHPUR - TATANAGAR HUMSAFAR,4,4,GKP|SDAH|NGP|TATA,GKP,TATA
16021,GORAKHPUR - CHANDIGARH INTERCITY,4,4,GKP|MAS|CBE|CDG,GKP,CDG
16022,GORAKHPUR - AMRITSAR SUPERFAST,4,4,GKP|SC|BZA|ASR,GKP,ASR
16023,GORAKHPUR - FIROZPUR EXPRESS,4,4,GKP|BSB|MMCT|FZR,GKP,FZR
16024,GORAKHPUR - JAMMU TAWI MAIL,4,4,GKP|VGLJ|YPR|JAT,GKP,JAT
16025,GORAKHPUR - KATRA JAN SHATABDI,4,4,GKP|TATA|BSB|SVDK,GKP,SVDK
16026,GORAKHPUR - JAIPUR GARIB RATH,4,4,GKP|FZR|CDG|JP,GKP,JP
16027,GORAKHPUR - KOTA HUMSAFAR,4,4,GKP|JP|BPL|KOTA,GKP,KOTA
16028,GORAKHPUR - BHOPAL INTERCITY,4,4,GKP|INDB|PUNE|BPL,GKP,BPL
16029,GORAKHPUR - INDORE SUPERFAST,4,4,GKP|ST|CLT|INDB,GKP,INDB
16030,GORAKHPUR - GWALIOR EXPRESS,4,4,GKP|PUNE|VSKP|GWL,GKP,GWL
16031,GORAKHPUR - AHMEDABAD MAIL,4,4,GKP|MYS|ANVT|ADI,GKP,ADI
16032,GORAKHPUR - SURAT JAN SHATABDI,4,4,GKP|ERS|SBC|ST,GKP,ST
16033,GORAKHPUR - VADODARA GARIB RATH,4,4,GKP|MDU|CNB|BRC,GKP,BRC
16034,GORAKHPUR - RAJKOT HUMSAFAR,4,4,GKP|R|TATA|RJT,GKP,RJT
16035,GORAKHPUR - PUNE INTERCITY,4,4,GKP|BZA|KOTA|PUNE,GKP,PUNE
16036,GORAKHPUR - NAGPUR SUPERFAST,4,4,GKP|NDLS|RJT|NGP,GKP,NGP
16037,GORAKHPUR - MADGAON EXPRESS,4,4,GKP|ANVT|ERS|MAO,GKP,MAO
16038,GORAKHPUR - MYSURU MAIL,4,4,GKP|BDTS|BSP|MYS,GKP,MYS
16039,GORAKHPUR - HUBBALLI JAN SHATABDI,4,4,GKP|SDAH|NZM|UBL,GKP,UBL
16040,GORAKHPUR - TRIVANDRUM GARIB RATH,4,4,GKP|MAS|SDAH|TVC,GKP,TVC
16041,GORAKHPUR - ERNAKULAM HUMSAFAR,4,4,GKP|SC|LKO|ERS,GKP,ERS
16042,GORAKHPUR - CLT INTERCITY,4,4,GKP|BSB|RNC|CLT,GKP,CLT
16043,GORAKHPUR - COIMBATORE SUPERFAST,4,4,GKP|VGLJ|JP|CBE,GKP,CBE
16044,GORAKHPUR - MADURAI EXPRESS,4,4,GKP|TATA|BRC|MDU,GKP,MDU
16045,GORAKHPUR - BHUBANESWAR MAIL,4,4,GKP|FZR|TVC|BBS,GKP,BBS
16046,GORAKHPUR - PURI JAN SHATABDI,4,4,GKP|JP|R|PURI,GKP,PURI
16047,GORAKHPUR - RAIPUR GARIB RATH,4,4,GKP|INDB|DLI|R,GKP,R
16048,GORAKHPUR - BILASPUR HUMSAFAR,4,4,GKP|ST|HWH|BSP,GKP,BSP
16049,GORAKHPUR - VISAKHAPATNAM INTERCITY,4,4,GKP|PUNE|SC|VSKP,GKP,VSKP
16050,GORAKHPUR - VIJAYAWADA SUPERFAST,4,4,GKP|MYS|PNBE|BZA,GKP,BZA
16051,GORAKHPUR - GUWAHATI EXPRESS,4,4,GKP|ERS|SVDK|GHY,GKP,GHY
16052,GORAKHPUR - AGARTALA MAIL,4,4,GKP|MDU|ST|AGTL,GKP,AGTL
16053,VGL JHANSI - PATNA JAN SHATABDI,4,4,VGLJ|R|UBL|PNBE,VGLJ,PNBE
16054,VGL JHANSI - RANCHI GARIB RATH,4,4,VGLJ|BZA|PURI|RNC,VGLJ,RNC
16055,VGL JHANSI - TATANAGAR HUMSAFAR,3,3,VGLJ|NDLS|TATA,VGLJ,TATA
16056,VGL JHANSI - CHANDIGARH INTERCITY,4,4,VGLJ|ANVT|LTT|CDG,VGLJ,CDG
16057,VGL JHANSI - AMRITSAR SUPERFAST,4,4,VGLJ|BDTS|HYB|ASR,VGLJ,ASR
16058,VGL JHANSI - FIROZPUR EXPRESS,3,3,VGLJ|SDAH|FZR,VGLJ,FZR
16059,VGL JHANSI - JAMMU TAWI MAIL,3,3,VGLJ|MAS|JAT,VGLJ,JAT
16060,VGL JHANSI - KATRA JAN SHATABDI,4,4,VGLJ|SC|ADI|SVDK,VGLJ,SVDK
16061,VGL JHANSI - JAIPUR GARIB RATH,4,4,VGLJ|BSB|MYS|JP,VGLJ,JP
16062,VGL JHANSI - KOTA HUMSAFAR,3,3,VGLJ|BBS|KOTA,VGLJ,KOTA
16063,VGL JHANSI - BHOPAL INTERCITY,4,4,VGLJ|TATA|AGTL|BPL,VGLJ,BPL
16064,VGL JHANSI - INDORE SUPERFAST,4,4,VGLJ|FZR|BDTS|INDB,VGLJ,INDB
16065,VGL JHANSI - GWALIOR EXPRESS,4,4,VGLJ|JP|MS|GWL,VGLJ,GWL
16066,VGL JHANSI - AHMEDABAD MAIL,4,4,VGLJ|INDB|GKP|ADI,VGLJ,ADI
16067,VGL JHANSI - SURAT JAN SHATABDI,3,3,VGLJ|FZR|ST,VGLJ,ST
16068,VGL JHANSI - VADODARA GARIB RATH,4,4,VGLJ|PUNE|GWL|BRC,VGLJ,BRC
16069,VGL JHANSI - RAJKOT HUMSAFAR,4,4,VGLJ|MYS|MAO|RJT,VGLJ,RJT
16070,VGL JHANSI - PUNE INTERCITY,4,4,VGLJ|ERS|MDU|PUNE,VGLJ,PUNE
16071,VGL JHANSI - NAGPUR SUPERFAST,4,4,VGLJ|MDU|GHY|NGP,VGLJ,NGP
16072,VGL JHANSI - MADGAON EXPRESS,4,4,VGLJ|R|CSMT|MAO,VGLJ,MAO
16073,VGL JHANSI - MYSURU MAIL,4,4,VGLJ|BZA|MAS|MYS,VGLJ,MYS
16074,VGL JHANSI - HUBBALLI JAN SHATABDI,4,4,VGLJ|NDLS|AY|UBL,VGLJ,UBL
16075,VGL JHANSI - TRIVANDRUM GARIB RATH,4,4,VGLJ|ANVT|ASR|TVC,VGLJ,TVC
16076,VGL JHANSI - ERNAKULAM HUMSAFAR,4,4,VGLJ|BDTS|INDB|ERS,VGLJ,ERS
16077,VGL JHANSI - CLT INTERCITY,4,4,VGLJ|SDAH|NGP|CLT,VGLJ,CLT
16078,VGL JHANSI - COIMBATORE SUPERFAST,3,3,VGLJ|MAS|CBE,VGLJ,CBE
16079,VGL JHANSI - MADURAI EXPRESS,4,4,VGLJ|SC|BZA|MDU,VGLJ,MDU
16080,VGL JHANSI - BHUBANESWAR MAIL,4,4,VGLJ|BSB|MMCT|BBS,VGLJ,BBS
16081,VGL JHANSI - PURI JAN SHATABDI,3,3,VGLJ|YPR|PURI,VGLJ,PURI
16082,VGL JHANSI - RAIPUR GARIB RATH,4,4,VGLJ|TATA|BSB|R,VGLJ,R
16083,VGL JHANSI - BILASPUR HUMSAFAR,4,4,VGLJ|FZR|CDG|BSP,VGLJ,BSP
16084,VGL JHANSI - VISAKHAPATNAM INTERCITY,4,4,VGLJ|JP|BPL|VSKP,VGLJ,VSKP
16085,VGL JHANSI - VIJAYAWADA SUPERFAST,4,4,VGLJ|INDB|PUNE|BZA,VGLJ,BZA
16086,VGL JHANSI - GUWAHATI EXPRESS,4,4,VGLJ|ST|CLT|GHY,VGLJ,GHY
16087,VGL JHANSI - AGARTALA MAIL,4,4,VGLJ|PUNE|VSKP|AGTL,VGLJ,AGTL
16088,PATNA - RANCHI JAN SHATABDI,4,4,PNBE|MYS|ANVT|RNC,PNBE,RNC
16089,PATNA - TATANAGAR GARIB RATH,4,4,PNBE|ERS|SBC|TATA,PNBE,TATA
16090,PATNA - CHANDIGARH HUMSAFAR,4,4,PNBE|MDU|CNB|CDG,PNBE,CDG
16091,PATNA - AMRITSAR INTERCITY,4,4,PNBE|R|TATA|ASR,PNBE,ASR
16092,PATNA - FIROZPUR SUPERFAST,4,4,PNBE|BZA|KOTA|FZR,PNBE,FZR
16093,PATNA - JAMMU TAWI EXPRESS,4,4,PNBE|NDLS|RJT|JAT,PNBE,JAT
16094,PATNA - KATRA MAIL,4,4,PNBE|ANVT|ERS|SVDK,PNBE,SVDK
16095,PATNA - JAIPUR JAN SHATABDI,4,4,PNBE|BDTS|BSP|JP,PNBE,JP
16096,PATNA - KOTA GARIB RATH,4,4,PNBE|SDAH|NZM|KOTA,PNBE,KOTA
16097,PATNA - BHOPAL HUMSAFAR,4,4,PNBE|MAS|SDAH|BPL,PNBE,BPL
16098,PATNA - INDORE INTERCITY,4,4,PNBE|SC|LKO|INDB,PNBE,INDB
16099,PATNA - GWALIOR SUPERFAST,4,4,PNBE|BSB|RNC|GWL,PNBE,GWL
16100,PATNA - AHMEDABAD EXPRESS,4,4,PNBE|VGLJ|JP|ADI,PNBE,ADI
16101,PATNA - SURAT MAIL,4,4,PNBE|TATA|BRC|ST,PNBE,ST
16102,PATNA - VADODARA JAN SHATABDI,4,4,PNBE|FZR|TVC|BRC,PNBE,BRC
16103,PATNA - RAJKOT GARIB RATH,4,4,PNBE|JP|R|RJT,PNBE,RJT
16104,PATNA - PUNE HUMSAFAR,4,4,PNBE|INDB|DLI|PUNE,PNBE,PUNE
16105,PATNA - NAGPUR INTERCITY,4,4,PNBE|ST|HWH|NGP,PNBE,NGP
16106,PATNA - MADGAON SUPERFAST,4,4,PNBE|PUNE|SC|MAO,PNBE,MAO
16107,PATNA - MYSURU EXPRESS,2,2,PNBE|MYS,PNBE,MYS
16108,PATNA - HUBBALLI MAIL,4,4,PNBE|ERS|SVDK|UBL,PNBE,UBL
16109,PATNA - TRIVANDRUM JAN SHATABDI,4,4,PNBE|MDU|ST|TVC,PNBE,TVC
16110,PATNA - ERNAKULAM GARIB RATH,4,4,PNBE|R|UBL|ERS,PNBE,ERS
16111,PATNA - CLT HUMSAFAR,4,4,PNBE|BZA|PURI|CLT,PNBE,CLT
16112,PATNA - COIMBATORE INTERCITY,3,3,PNBE|NDLS|CBE,PNBE,CBE
16113,PATNA - MADURAI SUPERFAST,4,4,PNBE|ANVT|LTT|MDU,PNBE,MDU
16114,PATNA - BHUBANESWAR EXPRESS,4,4,PNBE|BDTS|HYB|BBS,PNBE,BBS
16115,PATNA - PURI MAIL,4,4,PNBE|SDAH|VGLJ|PURI,PNBE,PURI
16116,PATNA - RAIPUR JAN SHATABDI,4,4,PNBE|MAS|JAT|R,PNBE,R
16117,PATNA - BILASPUR GARIB RATH,4,4,PNBE|SC|ADI|BSP,PNBE,BSP
16118,PATNA - VISAKHAPATNAM HUMSAFAR,4,4,PNBE|BSB|MYS|VSKP,PNBE,VSKP
16119,PATNA - VIJAYAWADA INTERCITY,4,4,PNBE|VGLJ|BBS|BZA,PNBE,BZA
16120,PATNA - GUWAHATI SUPERFAST,4,4,PNBE|TATA|AGTL|GHY,PNBE,GHY
16121,PATNA - AGARTALA EXPRESS,4,4,PNBE|FZR|BDTS|AGTL,PNBE,AGTL
16122,RANCHI - TATANAGAR MAIL,4,4,RNC|JP|MS|TATA,RNC,TATA
16123,RANCHI - CHANDIGARH JAN SHATABDI,4,4,RNC|INDB|GKP|CDG,RNC,CDG
16124,RANCHI - AMRITSAR GARIB RATH,4,4,RNC|ST|FZR|ASR,RNC,ASR
16125,RANCHI - FIROZPUR HUMSAFAR,4,4,RNC|PUNE|GWL|FZR,RNC,FZR
16126,RANCHI - JAMMU TAWI INTERCITY,4,4,RNC|MYS|MAO|JAT,RNC,JAT
16127,RANCHI - KATRA SUPERFAST,4,4,RNC|ERS|MDU|SVDK,RNC,SVDK
16128,RANCHI - JAIPUR EXPRESS,4,4,RNC|MDU|GHY|JP,RNC,JP
16129,RANCHI - KOTA MAIL,4,4,RNC|R|CSMT|KOTA,RNC,KOTA
16130,RANCHI - BHOPAL JAN SHATABDI,4,4,RNC|BZA|MAS|BPL,RNC,BPL
16131,RANCHI - INDORE GARIB RATH,4,4,RNC|NDLS|AY|INDB,RNC,INDB
16132,RANCHI - GWALIOR HUMSAFAR,4,4,RNC|ANVT|ASR|GWL,RNC,GWL
16133,RANCHI - AHMEDABAD INTERCITY,4,4,RNC|BDTS|INDB|ADI,RNC,ADI
16134,RANCHI - SURAT SUPERFAST,4,4,RNC|SDAH|NGP|ST,RNC,ST
16135,RANCHI - VADODARA EXPRESS,4,4,RNC|MAS|CBE|BRC,RNC,BRC
16136,RANCHI - RAJKOT MAIL,4,4,RNC|SC|BZA|RJT,RNC,RJT
16137,RANCHI - PUNE JAN SHATABDI,4,4,RNC|BSB|MMCT|PUNE,RNC,PUNE
16138,RANCHI - NAGPUR GARIB RATH,4,4,RNC|VGLJ|YPR|NGP,RNC,NGP
16139,RANCHI - MADGAON HUMSAFAR,4,4,RNC|TATA|BSB|MAO,RNC,MAO
16140,RANCHI - MYSURU INTERCITY,4,4,RNC|FZR|CDG|MYS,RNC,MYS
16141,RANCHI - HUBBALLI SUPERFAST,4,4,RNC|JP|BPL|UBL,RNC,UBL
16142,RANCHI - TRIVANDRUM EXPRESS,4,4,RNC|INDB|PUNE|TVC,RNC,TVC
16143,RANCHI - ERNAKULAM MAIL,4,4,RNC|ST|CLT|ERS,RNC,ERS
16144,RANCHI - CLT JAN SHATABDI,4,4,RNC|PUNE|VSKP|CLT,RNC,CLT
16145,RANCHI - COIMBATORE GARIB RATH,4,4,RNC|MYS|ANVT|CBE,RNC,CBE
16146,RANCHI - MADURAI HUMSAFAR,4,4,RNC|ERS|SBC|MDU,RNC,MDU
16147,RANCHI - BHUBANESWAR INTERCITY,4,4,RNC|MDU|CNB|BBS,RNC,BBS
16148,RANCHI - PURI SUPERFAST,4,4,RNC|R|TATA|PURI,RNC,PURI
16149,RANCHI - RAIPUR EXPRESS,4,4,RNC|BZA|KOTA|R,RNC,R
16150,RANCHI - BILASPUR MAIL,4,4,RNC|NDLS|RJT|BSP,RNC,BSP
16151,RANCHI - VISAKHAPATNAM JAN SHATABDI,4,4,RNC|ANVT|ERS|VSKP,RNC,VSKP
16152,RANCHI - VIJAYAWADA GARIB RATH,4,4,RNC|BDTS|BSP|BZA,RNC,BZA
16153,RANCHI - GUWAHATI HUMSAFAR,4,4,RNC|SDAH|NZM|GHY,RNC,GHY
16154,RANCHI - AGARTALA INTERCITY,4,4,RNC|MAS|SDAH|AGTL,RNC,AGTL
16155,TATANAGAR - CHANDIGARH SUPERFAST,4,4,TATA|SC|LKO|CDG,TATA,CDG
16156,TATANAGAR - AMRITSAR EXPRESS,4,4,TATA|BSB|RNC|ASR,TATA,ASR
16157,TATANAGAR - FIROZPUR MAIL,4,4,TATA|VGLJ|JP|FZR,TATA,FZR
16158,TATANAGAR - JAMMU TAWI JAN SHATABDI,3,3,TATA|BRC|JAT,TATA,JAT
16159,TATANAGAR - KATRA GARIB RATH,4,4,TATA|FZR|TVC|SVDK,TATA,SVDK
16160,TATANAGAR - JAIPUR HUMSAFAR,3,3,TATA|R|JP,TATA,JP
16161,TATANAGAR - KOTA INTERCITY,4,4,TATA|INDB|DLI|KOTA,TATA,KOTA
16162,TATANAGAR - BHOPAL SUPERFAST,4,4,TATA|ST|HWH|BPL,TATA,BPL
16163,TATANAGAR - INDORE EXPRESS,4,4,TATA|PUNE|SC|INDB,TATA,INDB
16164,TATANAGAR - GWALIOR MAIL,4,4,TATA|MYS|PNBE|GWL,TATA,GWL
16165,TATANAGAR - AHMEDABAD JAN SHATABDI,4,4,TATA|ERS|SVDK|ADI,TATA,ADI
16166,TATANAGAR - SURAT GARIB RATH,3,3,TATA|MDU|ST,TATA,ST
16167,TATANAGAR - VADODARA HUMSAFAR,4,4,TATA|R|UBL|BRC,TATA,BRC
16168,TATANAGAR - RAJKOT INTERCITY,4,4,TATA|BZA|PURI|RJT,TATA,RJT
16169,TATANAGAR - PUNE SUPERFAST,3,3,TATA|NDLS|PUNE,TATA,PUNE
16170,TATANAGAR - NAGPUR EXPRESS,4,4,TATA|ANVT|LTT|NGP,TATA,NGP
16171,TATANAGAR - MADGAON MAIL,4,4,TATA|BDTS|HYB|MAO,TATA,MAO
16172,TATANAGAR - MYSURU JAN SHATABDI,4,4,TATA|SDAH|VGLJ|MYS,TATA,MYS
16173,TATANAGAR - HUBBALLI GARIB RATH,4,4,TATA|MAS|JAT|UBL,TATA,UBL
16174,TATANAGAR - TRIVANDRUM HUMSAFAR,4,4,TATA|SC|ADI|TVC,TATA,TVC
16175,TATANAGAR - ERNAKULAM INTERCITY,4,4,TATA|BSB|MYS|ERS,TATA,ERS
16176,TATANAGAR - CLT SUPERFAST,4,4,TATA|VGLJ|BBS|CLT,TATA,CLT
16177,TATANAGAR - COIMBATORE EXPRESS,3,3,TATA|AGTL|CBE,TATA,CBE
16178,TATANAGAR - MADURAI MAIL,4,4,TATA|FZR|BDTS|MDU,TATA,MDU
16179,TATANAGAR - BHUBANESWAR JAN SHATABDI,4,4,TATA|JP|MS|BBS,TATA,BBS
16180,TATANAGAR - PURI GARIB RATH,4,4,TATA|INDB|GKP|PURI,TATA,PURI
16181,TATANAGAR - RAIPUR HUMSAFAR,4,4,TATA|ST|FZR|R,TATA,R
16182,TATANAGAR - BILASPUR INTERCITY,4,4,TATA|PUNE|GWL|BSP,TATA,BSP
16183,TATANAGAR - VISAKHAPATNAM SUPERFAST,4,4,TATA|MYS|MAO|VSKP,TATA,VSKP
16184,TATANAGAR - VIJAYAWADA EXPRESS,4,4,TATA|ERS|MDU|BZA,TATA,BZA
16185,TATANAGAR - GUWAHATI MAIL,3,3,TATA|MDU|GHY,TATA,GHY
16186,TATANAGAR - AGARTALA JAN SHATABDI,4,4,TATA|R|CSMT|AGTL,TATA,AGTL
16187,CHANDIGARH - AMRITSAR GARIB RATH,4,4,CDG|BZA|MAS|ASR,CDG,ASR
16188,CHANDIGARH - FIROZPUR HUMSAFAR,4,4,CDG|NDLS|AY|FZR,CDG,FZR
16189,CHANDIGARH - JAMMU TAWI INTERCITY,4,4,CDG|ANVT|ASR|JAT,CDG,JAT
16190,CHANDIGARH - KATRA SUPERFAST,4,4,CDG|BDTS|INDB|SVDK,CDG,SVDK
16191,CHANDIGARH - JAIPUR EXPRESS,4,4,CDG|SDAH|NGP|JP,CDG,JP
16192,CHANDIGARH - KOTA MAIL,4,4,CDG|MAS|CBE|KOTA,CDG,KOTA
16193,CHANDIGARH - BHOPAL JAN SHATABDI,4,4,CDG|SC|BZA|BPL,CDG,BPL
16194,CHANDIGARH - INDORE GARIB RATH,4,4,CDG|BSB|MMCT|INDB,CDG,INDB
16195,CHANDIGARH - GWALIOR HUMSAFAR,4,4,CDG|VGLJ|YPR|GWL,CDG,GWL
16196,CHANDIGARH - AHMEDABAD INTERCITY,4,4,CDG|TATA|BSB|ADI,CDG,ADI
16197,CHANDIGARH - SURAT SUPERFAST,3,3,CDG|FZR|ST,CDG,ST
16198,CHANDIGARH - VADODARA EXPRESS,4,4,CDG|JP|BPL|BRC,CDG,BRC
16199,CHANDIGARH - RAJKOT MAIL,4,4,CDG|INDB|PUNE|RJT,CDG,RJT
16200,CHANDIGARH - PUNE JAN SHATABDI,4,4,CDG|ST|CLT|PUNE,CDG,PUNE
16201,CHANDIGARH - NAGPUR GARIB RATH,4,4,CDG|PUNE|VSKP|NGP,CDG,NGP
16202,CHANDIGARH - MADGAON HUMSAFAR,4,4,CDG|MYS|ANVT|MAO,CDG,MAO
16203,CHANDIGARH - MYSURU INTERCITY,4,4,CDG|ERS|SBC|MYS,CDG,MYS
16204,CHANDIGARH - HUBBALLI SUPERFAST,4,4,CDG|MDU|CNB|UBL,CDG,UBL
16205,CHANDIGARH - TRIVANDRUM EXPRESS,4,4,CDG|R|TATA|TVC,CDG,TVC
16206,CHANDIGARH - ERNAKULAM MAIL,4,4,CDG|BZA|KOTA|ERS,CDG,ERS
16207,CHANDIGARH - CLT JAN SHATABDI,4,4,CDG|NDLS|RJT|CLT,CDG,CLT
16208,CHANDIGARH - COIMBATORE GARIB RATH,4,4,CDG|ANVT|ERS|CBE,CDG,CBE
16209,CHANDIGARH - MADURAI HUMSAFAR,4,4,CDG|BDTS|BSP|MDU,CDG,MDU
16210,CHANDIGARH - BHUBANESWAR INTERCITY,4,4,CDG|SDAH|NZM|BBS,CDG,BBS
16211,CHANDIGARH - PURI SUPERFAST,4,4,CDG|MAS|SDAH|PURI,CDG,PURI
16212,CHANDIGARH - RAIPUR EXPRESS,4,4,CDG|SC|LKO|R,CDG,R
16213,CHANDIGARH - BILASPUR MAIL,4,4,CDG|BSB|RNC|BSP,CDG,BSP
16214,CHANDIGARH - VISAKHAPATNAM JAN SHATABDI,4,4,CDG|VGLJ|JP|VSKP,CDG,VSKP
16215,CHANDIGARH - VIJAYAWADA GARIB RATH,4,4,CDG|TATA|BRC|BZA,CDG,BZA
16216,CHANDIGARH - GUWAHATI HUMSAFAR,4,4,CDG|FZR|TVC|GHY,CDG,GHY
16217,CHANDIGARH - AGARTALA INTERCITY,4,4,CDG|JP|R|AGTL,CDG,AGTL
16218,AMRITSAR - FIROZPUR SUPERFAST,4,4,ASR|INDB|DLI|FZR,ASR,FZR
16219,AMRITSAR - JAMMU TAWI EXPRESS,4,4,ASR|ST|HWH|JAT,ASR,JAT
16220,AMRITSAR - KATRA MAIL,4,4,ASR|PUNE|SC|SVDK,ASR,SVDK
16221,AMRITSAR - JAIPUR JAN SHATABDI,4,4,ASR|MYS|PNBE|JP,ASR,JP
16222,AMRITSAR - KOTA GARIB RATH,4,4,ASR|ERS|SVDK|KOTA,ASR,KOTA
16223,AMRITSAR - BHOPAL HUMSAFAR,4,4,ASR|MDU|ST|BPL,ASR,BPL
16224,AMRITSAR - INDORE INTERCITY,4,4,ASR|R|UBL|INDB,ASR,INDB
16225,AMRITSAR - GWALIOR SUPERFAST,4,4,ASR|BZA|PURI|GWL,ASR,GWL
16226,AMRITSAR - AHMEDABAD EXPRESS,3,3,ASR|NDLS|ADI,ASR,ADI
16227,AMRITSAR - SURAT MAIL,4,4,ASR|ANVT|LTT|ST,ASR,ST
16228,AMRITSAR - VADODARA JAN SHATABDI,4,4,ASR|BDTS|HYB|BRC,ASR,BRC
16229,AMRITSAR - RAJKOT GARIB RATH,4,4,ASR|SDAH|VGLJ|RJT,ASR,RJT
16230,AMRITSAR - PUNE HUMSAFAR,4,4,ASR|MAS|JAT|PUNE,ASR,PUNE
16231,AMRITSAR - NAGPUR INTERCITY,4,4,ASR|SC|ADI|NGP,ASR,NGP
16232,AMRITSAR - MADGAON SUPERFAST,4,4,ASR|BSB|MYS|MAO,ASR,MAO
16233,AMRITSAR - MYSURU EXPRESS,4,4,ASR|VGLJ|BBS|MYS,ASR,MYS
16234,AMRITSAR - HUBBALLI MAIL,4,4,ASR|TATA|AGTL|UBL,ASR,UBL
16235,AMRITSAR - TRIVANDRUM JAN SHATABDI,4,4,ASR|FZR|BDTS|TVC,ASR,TVC
16236,AMRITSAR - ERNAKULAM GARIB RATH,4,4,ASR|JP|MS|ERS,ASR,ERS
16237,AMRITSAR - CLT HUMSAFAR,4,4,ASR|INDB|GKP|CLT,ASR,CLT
16238,AMRITSAR - COIMBATORE INTERCITY,4,4,ASR|ST|FZR|CBE,ASR,CBE
16239,AMRITSAR - MADURAI SUPERFAST,4,4,ASR|PUNE|GWL|MDU,ASR,MDU
16240,AMRITSAR - BHUBANESWAR EXPRESS,4,4,ASR|MYS|MAO|BBS,ASR,BBS
16241,AMRITSAR - PURI MAIL,4,4,ASR|ERS|MDU|PURI,ASR,PURI
16242,AMRITSAR - RAIPUR JAN SHATABDI,4,4,ASR|MDU|GHY|R,ASR,R
16243,AMRITSAR - BILASPUR GARIB RATH,4,4,ASR|R|CSMT|BSP,ASR,BSP
16244,AMRITSAR - VISAKHAPATNAM HUMSAFAR,4,4,ASR|BZA|MAS|VSKP,ASR,VSKP
16245,AMRITSAR - VIJAYAWADA INTERCITY,4,4,ASR|NDLS|AY|BZA,ASR,BZA
16246,AMRITSAR - GUWAHATI SUPERFAST,3,3,ASR|ANVT|GHY,ASR,GHY
16247,AMRITSAR - AGARTALA EXPRESS,4,4,ASR|BDTS|INDB|AGTL,ASR,AGTL
16248,FIROZPUR - JAMMU TAWI MAIL,4,4,FZR|SDAH|NGP|JAT,FZR,JAT
16249,FIROZPUR - KATRA JAN SHATABDI,4,4,FZR|MAS|CBE|SVDK,FZR,SVDK
16250,FIROZPUR - JAIPUR GARIB RATH,4,4,FZR|SC|BZA|JP,FZR,JP
16251,FIROZPUR - KOTA HUMSAFAR,4,4,FZR|BSB|MMCT|KOTA,FZR,KOTA
16252,FIROZPUR - BHOPAL INTERCITY,4,4,FZR|VGLJ|YPR|BPL,FZR,BPL
16253,FIROZPUR - INDORE SUPERFAST,4,4,FZR|TATA|BSB|INDB,FZR,INDB
16254,FIROZPUR - GWALIOR EXPRESS,3,3,FZR|CDG|GWL,FZR,GWL
16255,FIROZPUR - AHMEDABAD MAIL,4,4,FZR|JP|BPL|ADI,FZR,ADI
16256,FIROZPUR - SURAT JAN SHATABDI,4,4,FZR|INDB|PUNE|ST,FZR,ST
16257,FIROZPUR - VADODARA GARIB RATH,4,4,FZR|ST|CLT|BRC,FZR,BRC
16258,FIROZPUR - RAJKOT HUMSAFAR,4,4,FZR|PUNE|VSKP|RJT,FZR,RJT
16259,FIROZPUR - PUNE INTERCITY,4,4,FZR|MYS|ANVT|PUNE,FZR,PUNE
16260,FIROZPUR - NAGPUR SUPERFAST,4,4,FZR|ERS|SBC|NGP,FZR,NGP
16261,FIROZPUR - MADGAON EXPRESS,4,4,FZR|MDU|CNB|MAO,FZR,MAO
16262,FIROZPUR - MYSURU MAIL,4,4,FZR|R|TATA|MYS,FZR,MYS
16263,FIROZPUR - HUBBALLI JAN SHATABDI,4,4,FZR|BZA|KOTA|UBL,FZR,UBL
16264,FIROZPUR - TRIVANDRUM GARIB RATH,4,4,FZR|NDLS|RJT|TVC,FZR,TVC
16265,FIROZPUR - ERNAKULAM HUMSAFAR,3,3,FZR|ANVT|ERS,FZR,ERS
16266,FIROZPUR - CLT INTERCITY,4,4,FZR|BDTS|BSP|CLT,FZR,CLT
16267,FIROZPUR - COIMBATORE SUPERFAST,4,4,FZR|SDAH|NZM|CBE,FZR,CBE
16268,FIROZPUR - MADURAI EXPRESS,4,4,FZR|MAS|SDAH|MDU,FZR,MDU
16269,FIROZPUR - BHUBANESWAR MAIL,4,4,FZR|SC|LKO|BBS,FZR,BBS
16270,FIROZPUR - PURI JAN SHATABDI,4,4,FZR|BSB|RNC|PURI,FZR,PURI
16271,FIROZPUR - RAIPUR GARIB RATH,4,4,FZR|VGLJ|JP|R,FZR,R
16272,FIROZPUR - BILASPUR HUMSAFAR,4,4,FZR|TATA|BRC|BSP,FZR,BSP
16273,FIROZPUR - VISAKHAPATNAM INTERCITY,3,3,FZR|TVC|VSKP,FZR,VSKP
16274,FIROZPUR - VIJAYAWADA SUPERFAST,4,4,FZR|JP|R|BZA,FZR,BZA
16275,FIROZPUR - GUWAHATI EXPRESS,4,4,FZR|INDB|DLI|GHY,FZR,GHY
16276,FIROZPUR - AGARTALA MAIL,4,4,FZR|ST|HWH|AGTL,FZR,AGTL
16277,JAMMU TAWI - KATRA JAN SHATABDI,4,4,JAT|PUNE|SC|SVDK,JAT,SVDK
16278,JAMMU TAWI - JAIPUR GARIB RATH,4,4,JAT|MYS|PNBE|JP,JAT,JP
16279,JAMMU TAWI - KOTA HUMSAFAR,4,4,JAT|ERS|SVDK|KOTA,JAT,KOTA
16280,JAMMU TAWI - BHOPAL INTERCITY,4,4,JAT|MDU|ST|BPL,JAT,BPL
16281,JAMMU TAWI - INDORE SUPERFAST,4,4,JAT|R|UBL|INDB,JAT,INDB
16282,JAMMU TAWI - GWALIOR EXPRESS,4,4,JAT|BZA|PURI|GWL,JAT,GWL
16283,JAMMU TAWI - AHMEDABAD MAIL,3,3,JAT|NDLS|ADI,JAT,ADI
16284,JAMMU TAWI - SURAT JAN SHATABDI,4,4,JAT|ANVT|LTT|ST,JAT,ST
16285,JAMMU TAWI - VADODARA GARIB RATH,4,4,JAT|BDTS|HYB|BRC,JAT,BRC
16286,JAMMU TAWI - RAJKOT HUMSAFAR,4,4,JAT|SDAH|VGLJ|RJT,JAT,RJT
16287,JAMMU TAWI - PUNE INTERCITY,3,3,JAT|MAS|PUNE,JAT,PUNE
16288,JAMMU TAWI - NAGPUR SUPERFAST,4,4,JAT|SC|ADI|NGP,JAT,NGP
16289,JAMMU TAWI - MADGAON EXPRESS,4,4,JAT|BSB|MYS|MAO,JAT,MAO
16290,JAMMU TAWI - MYSURU MAIL,4,4,JAT|VGLJ|BBS|MYS,JAT,MYS
16291,JAMMU TAWI - HUBBALLI JAN SHATABDI,4,4,JAT|TATA|AGTL|UBL,JAT,UBL
16292,JAMMU TAWI - TRIVANDRUM GARIB RATH,4,4,JAT|FZR|BDTS|TVC,JAT,TVC
16293,JAMMU TAWI - ERNAKULAM HUMSAFAR,4,4,JAT|JP|MS|ERS,JAT,ERS
16294,JAMMU TAWI - CLT INTERCITY,4,4,JAT|INDB|GKP|CLT,JAT,CLT
16295,JAMMU TAWI - COIMBATORE SUPERFAST,4,4,JAT|ST|FZR|CBE,JAT,CBE
16296,JAMMU TAWI - MADURAI EXPRESS,4,4,JAT|PUNE|GWL|MDU,JAT,MDU
16297,JAMMU TAWI - BHUBANESWAR MAIL,4,4,JAT|MYS|MAO|BBS,JAT,BBS
16298,JAMMU TAWI - PURI JAN SHATABDI,4,4,JAT|ERS|MDU|PURI,JAT,PURI
16299,JAMMU TAWI - RAIPUR GARIB RATH,4,4,JAT|MDU|GHY|R,JAT,R
16300,JAMMU TAWI - BILASPUR HUMSAFAR,4,4,JAT|R|CSMT|BSP,JAT,BSP
16301,JAMMU TAWI - VISAKHAPATNAM INTERCITY,4,4,JAT|BZA|MAS|VSKP,JAT,VSKP
16302,JAMMU TAWI - VIJAYAWADA SUPERFAST,4,4,JAT|NDLS|AY|BZA,JAT,BZA
16303,JAMMU TAWI - GUWAHATI EXPRESS,4,4,JAT|ANVT|ASR|GHY,JAT,GHY
16304,JAMMU TAWI - AGARTALA MAIL,4,4,JAT|BDTS|INDB|AGTL,JAT,AGTL
16305,KATRA - JAIPUR JAN SHATABDI,4,4,SVDK|SDAH|NGP|JP,SVDK,JP
16306,KATRA - KOTA GARIB RATH,4,4,SVDK|MAS|CBE|KOTA,SVDK,KOTA
16307,KATRA - BHOPAL HUMSAFAR,4,4,SVDK|SC|BZA|BPL,SVDK,BPL
16308,KATRA - INDORE INTERCITY,4,4,SVDK|BSB|MMCT|INDB,SVDK,INDB
16309,KATRA - GWALIOR SUPERFAST,4,4,SVDK|VGLJ|YPR|GWL,SVDK,GWL
16310,KATRA - AHMEDABAD EXPRESS,4,4,SVDK|TATA|BSB|ADI,SVDK,ADI
16311,KATRA - SURAT MAIL,4,4,SVDK|FZR|CDG|ST,SVDK,ST
16312,KATRA - VADODARA JAN SHATABDI,4,4,SVDK|JP|BPL|BRC,SVDK,BRC
16313,KATRA - RAJKOT GARIB RATH,4,4,SVDK|INDB|PUNE|RJT,SVDK,RJT
16314,KATRA - PUNE HUMSAFAR,4,4,SVDK|ST|CLT|PUNE,SVDK,PUNE
16315,KATRA - NAGPUR INTERCITY,4,4,SVDK|PUNE|VSKP|NGP,SVDK,NGP
16316,KATRA - MADGAON SUPERFAST,4,4,SVDK|MYS|ANVT|MAO,SVDK,MAO
16317,KATRA - MYSURU EXPRESS,4,4,SVDK|ERS|SBC|MYS,SVDK,MYS
16318,KATRA - HUBBALLI MAIL,4,4,SVDK|MDU|CNB|UBL,SVDK,UBL
16319,KATRA - TRIVANDRUM JAN SHATABDI,4,4,SVDK|R|TATA|TVC,SVDK,TVC
16320,KATRA - ERNAKULAM GARIB RATH,4,4,SVDK|BZA|KOTA|ERS,SVDK,ERS
16321,KATRA - CLT HUMSAFAR,4,4,SVDK|NDLS|RJT|CLT,SVDK,CLT
16322,KATRA - COIMBATORE INTERCITY,4,4,SVDK|ANVT|ERS|CBE,SVDK,CBE
16323,KATRA - MADURAI SUPERFAST,4,4,SVDK|BDTS|BSP|MDU,SVDK,MDU
16324,KATRA - BHUBANESWAR EXPRESS,4,4,SVDK|SDAH|NZM|BBS,SVDK,BBS
16325,KATRA - PURI MAIL,4,4,SVDK|MAS|SDAH|PURI,SVDK,PURI
16326,KATRA - RAIPUR JAN SHATABDI,4,4,SVDK|SC|LKO|R,SVDK,R
16327,KATRA - BILASPUR GARIB RATH,4,4,SVDK|BSB|RNC|BSP,SVDK,BSP
16328,KATRA - VISAKHAPATNAM HUMSAFAR,4,4,SVDK|VGLJ|JP|VSKP,SVDK,VSKP
16329,KATRA - VIJAYAWADA INTERCITY,4,4,SVDK|TATA|BRC|BZA,SVDK,BZA
16330,KATRA - GUWAHATI SUPERFAST,4,4,SVDK|FZR|TVC|GHY,SVDK,GHY
16331,KATRA - AGARTALA EXPRESS,4,4,SVDK|JP|R|AGTL,SVDK,AGTL
16332,JAIPUR - KOTA MAIL,4,4,JP|INDB|DLI|KOTA,JP,KOTA
16333,JAIPUR - BHOPAL JAN SHATABDI,4,4,JP|ST|HWH|BPL,JP,BPL
16334,JAIPUR - INDORE GARIB RATH,4,4,JP|PUNE|SC|INDB,JP,INDB
16335,JAIPUR - GWALIOR HUMSAFAR,4,4,JP|MYS|PNBE|GWL,JP,GWL
16336,JAIPUR - AHMEDABAD INTERCITY,4,4,JP|ERS|SVDK|ADI,JP,ADI
16337,JAIPUR - SURAT SUPERFAST,3,3,JP|MDU|ST,JP,ST
16338,JAIPUR - VADODARA EXPRESS,4,4,JP|R|UBL|BRC,JP,BRC
16339,JAIPUR - RAJKOT MAIL,4,4,JP|BZA|PURI|RJT,JP,RJT
16340,JAIPUR - PUNE JAN SHATABDI,3,3,JP|NDLS|PUNE,JP,PUNE
16341,JAIPUR - NAGPUR GARIB RATH,4,4,JP|ANVT|LTT|NGP,JP,NGP
16342,JAIPUR - MADGAON HUMSAFAR,4,4,JP|BDTS|HYB|MAO,JP,MAO
16343,JAIPUR - MYSURU INTERCITY,4,4,JP|SDAH|VGLJ|MYS,JP,MYS
16344,JAIPUR - HUBBALLI SUPERFAST,4,4,JP|MAS|JAT|UBL,JP,UBL
16345,JAIPUR - TRIVANDRUM EXPRESS,4,4,JP|SC|ADI|TVC,JP,TVC
16346,JAIPUR - ERNAKULAM MAIL,4,4,JP|BSB|MYS|ERS,JP,ERS
16347,JAIPUR - CLT JAN SHATABDI,4,4,JP|VGLJ|BBS|CLT,JP,CLT
16348,JAIPUR - COIMBATORE GARIB RATH,4,4,JP|TATA|AGTL|CBE,JP,CBE
16349,JAIPUR - MADURAI HUMSAFAR,4,4,JP|FZR|BDTS|MDU,JP,MDU
16350,JAIPUR - BHUBANESWAR INTERCITY,3,3,JP|MS|BBS,JP,BBS
16351,JAIPUR - PURI SUPERFAST,4,4,JP|INDB|GKP|PURI,JP,PURI
16352,JAIPUR - RAIPUR EXPRESS,4,4,JP|ST|FZR|R,JP,R
16353,JAIPUR - BILASPUR MAIL,4,4,JP|PUNE|GWL|BSP,JP,BSP
16354,JAIPUR - VISAKHAPATNAM JAN SHATABDI,4,4,JP|MYS|MAO|VSKP,JP,VSKP
16355,JAIPUR - VIJAYAWADA GARIB RATH,4,4,JP|ERS|MDU|BZA,JP,BZA
16356,JAIPUR - GUWAHATI HUMSAFAR,3,3,JP|MDU|GHY,JP,GHY
16357,JAIPUR - AGARTALA INTERCITY,4,4,JP|R|CSMT|AGTL,JP,AGTL
16358,KOTA - BHOPAL SUPERFAST,4,4,KOTA|BZA|MAS|BPL,KOTA,BPL
16359,KOTA - INDORE EXPRESS,4,4,KOTA|NDLS|AY|INDB,KOTA,INDB
16360,KOTA - GWALIOR MAIL,4,4,KOTA|ANVT|ASR|GWL,KOTA,GWL
16361,KOTA - AHMEDABAD JAN SHATABDI,4,4,KOTA|BDTS|INDB|ADI,KOTA,ADI
16362,KOTA - SURAT GARIB RATH,4,4,KOTA|SDAH|NGP|ST,KOTA,ST
16363,KOTA - VADODARA HUMSAFAR,4,4,KOTA|MAS|CBE|BRC,KOTA,BRC
16364,KOTA - RAJKOT INTERCITY,4,4,KOTA|SC|BZA|RJT,KOTA,RJT
16365,KOTA - PUNE SUPERFAST,4,4,KOTA|BSB|MMCT|PUNE,KOTA,PUNE
16366,KOTA - NAGPUR EXPRESS,4,4,KOTA|VGLJ|YPR|NGP,KOTA,NGP
16367,KOTA - MADGAON MAIL,4,4,KOTA|TATA|BSB|MAO,KOTA,MAO
16368,KOTA - MYSURU JAN SHATABDI,4,4,KOTA|FZR|CDG|MYS,KOTA,MYS
16369,KOTA - HUBBALLI GARIB RATH,4,4,KOTA|JP|BPL|UBL,KOTA,UBL
16370,KOTA - TRIVANDRUM HUMSAFAR,4,4,KOTA|INDB|PUNE|TVC,KOTA,TVC
16371,KOTA - ERNAKULAM INTERCITY,4,4,KOTA|ST|CLT|ERS,KOTA,ERS
16372,KOTA - CLT SUPERFAST,4,4,KOTA|PUNE|VSKP|CLT,KOTA,CLT
16373,KOTA - COIMBATORE EXPRESS,4,4,KOTA|MYS|ANVT|CBE,KOTA,CBE
16374,KOTA - MADURAI MAIL,4,4,KOTA|ERS|SBC|MDU,KOTA,MDU
16375,KOTA - BHUBANESWAR JAN SHATABDI,4,4,KOTA|MDU|CNB|BBS,KOTA,BBS
16376,KOTA - PURI GARIB RATH,4,4,KOTA|R|TATA|PURI,KOTA,PURI
16377,KOTA - RAIPUR HUMSAFAR,3,3,KOTA|BZA|R,KOTA,R
16378,KOTA - BILASPUR INTERCITY,4,4,KOTA|NDLS|RJT|BSP,KOTA,BSP
16379,KOTA - VISAKHAPATNAM SUPERFAST,4,4,KOTA|ANVT|ERS|VSKP,KOTA,VSKP
16380,KOTA - VIJAYAWADA EXPRESS,4,4,KOTA|BDTS|BSP|BZA,KOTA,BZA
16381,KOTA - GUWAHATI MAIL,4,4,KOTA|SDAH|NZM|GHY,KOTA,GHY
16382,KOTA - AGARTALA JAN SHATABDI,4,4,KOTA|MAS|SDAH|AGTL,KOTA,AGTL
16383,BHOPAL - INDORE GARIB RATH,4,4,BPL|SC|LKO|INDB,BPL,INDB
16384,BHOPAL - GWALIOR HUMSAFAR,4,4,BPL|BSB|RNC|GWL,BPL,GWL
16385,BHOPAL - AHMEDABAD INTERCITY,4,4,BPL|VGLJ|JP|ADI,BPL,ADI
16386,BHOPAL - SURAT SUPERFAST,4,4,BPL|TATA|BRC|ST,BPL,ST
16387,BHOPAL - VADODARA EXPRESS,4,4,BPL|FZR|TVC|BRC,BPL,BRC
16388,BHOPAL - RAJKOT MAIL,4,4,BPL|JP|R|RJT,BPL,RJT
16389,BHOPAL - PUNE JAN SHATABDI,4,4,BPL|INDB|DLI|PUNE,BPL,PUNE
16390,BHOPAL - NAGPUR GARIB RATH,4,4,BPL|ST|HWH|NGP,BPL,NGP
16391,BHOPAL - MADGAON HUMSAFAR,4,4,BPL|PUNE|SC|MAO,BPL,MAO
16392,BHOPAL - MYSURU INTERCITY,3,3,BPL|PNBE|MYS,BPL,MYS
16393,BHOPAL - HUBBALLI SUPERFAST,4,4,BPL|ERS|SVDK|UBL,BPL,UBL
16394,BHOPAL - TRIVANDRUM EXPRESS,4,4,BPL|MDU|ST|TVC,BPL,TVC
16395,BHOPAL - ERNAKULAM MAIL,4,4,BPL|R|UBL|ERS,BPL,ERS
16396,BHOPAL - CLT JAN SHATABDI,4,4,BPL|BZA|PURI|CLT,BPL,CLT
16397,BHOPAL - COIMBATORE GARIB RATH,3,3,BPL|NDLS|CBE,BPL,CBE
16398,BHOPAL - MADURAI HUMSAFAR,4,4,BPL|ANVT|LTT|MDU,BPL,MDU
16399,BHOPAL - BHUBANESWAR INTERCITY,4,4,BPL|BDTS|HYB|BBS,BPL,BBS
16400,BHOPAL - PURI SUPERFAST,4,4,BPL|SDAH|VGLJ|PURI,BPL,PURI
16401,BHOPAL - RAIPUR EXPRESS,4,4,BPL|MAS|JAT|R,BPL,R
16402,BHOPAL - BILASPUR MAIL,4,4,BPL|SC|ADI|BSP,BPL,BSP
16403,BHOPAL - VISAKHAPATNAM JAN SHATABDI,4,4,BPL|BSB|MYS|VSKP,BPL,VSKP
16404,BHOPAL - VIJAYAWADA GARIB RATH,4,4,BPL|VGLJ|BBS|BZA,BPL,BZA
16405,BHOPAL - GUWAHATI HUMSAFAR,4,4,BPL|TATA|AGTL|GHY,BPL,GHY
16406,BHOPAL - AGARTALA INTERCITY,4,4,BPL|FZR|BDTS|AGTL,BPL,AGTL
16407,INDORE - GWALIOR SUPERFAST,4,4,INDB|JP|MS|GWL,INDB,GWL
16408,INDORE - AHMEDABAD EXPRESS,3,3,INDB|GKP|ADI,INDB,ADI
16409,INDORE - SURAT MAIL,3,3,INDB|FZR|ST,INDB,ST
16410,INDORE - VADODARA JAN SHATABDI,4,4,INDB|PUNE|GWL|BRC,INDB,BRC
16411,INDORE - RAJKOT GARIB RATH,4,4,INDB|MYS|MAO|RJT,INDB,RJT
16412,INDORE - PUNE HUMSAFAR,4,4,INDB|ERS|MDU|PUNE,INDB,PUNE
16413,INDORE - NAGPUR INTERCITY,4,4,INDB|MDU|GHY|NGP,INDB,NGP
16414,INDORE - MADGAON SUPERFAST,4,4,INDB|R|CSMT|MAO,INDB,MAO
16415,INDORE - MYSURU EXPRESS,4,4,INDB|BZA|MAS|MYS,INDB,MYS
16416,INDORE - HUBBALLI MAIL,4,4,INDB|NDLS|AY|UBL,INDB,UBL
16417,INDORE - TRIVANDRUM JAN SHATABDI,4,4,INDB|ANVT|ASR|TVC,INDB,TVC
16418,INDORE - ERNAKULAM GARIB RATH,3,3,INDB|BDTS|ERS,INDB,ERS
16419,INDORE - CLT HUMSAFAR,4,4,INDB|SDAH|NGP|CLT,INDB,CLT
16420,INDORE - COIMBATORE INTERCITY,3,3,INDB|MAS|CBE,INDB,CBE
16421,INDORE - MADURAI SUPERFAST,4,4,INDB|SC|BZA|MDU,INDB,MDU
16422,INDORE - BHUBANESWAR EXPRESS,4,4,INDB|BSB|MMCT|BBS,INDB,BBS
16423,INDORE - PURI MAIL,4,4,INDB|VGLJ|YPR|PURI,INDB,PURI
16424,INDORE - RAIPUR JAN SHATABDI,4,4,INDB|TATA|BSB|R,INDB,R
16425,INDORE - BILASPUR GARIB RATH,4,4,INDB|FZR|CDG|BSP,INDB,BSP
16426,INDORE - VISAKHAPATNAM HUMSAFAR,4,4,INDB|JP|BPL|VSKP,INDB,VSKP
16427,INDORE - VIJAYAWADA INTERCITY,3,3,INDB|PUNE|BZA,INDB,BZA
16428,INDORE - GUWAHATI SUPERFAST,4,4,INDB|ST|CLT|GHY,INDB,GHY
16429,INDORE - AGARTALA EXPRESS,4,4,INDB|PUNE|VSKP|AGTL,INDB,AGTL
16430,GWALIOR - AHMEDABAD MAIL,4,4,GWL|MYS|ANVT|ADI,GWL,ADI
16431,GWALIOR - SURAT JAN SHATABDI,4,4,GWL|ERS|SBC|ST,GWL,ST
16432,GWALIOR - VADODARA GARIB RATH,4,4,GWL|MDU|CNB|BRC,GWL,BRC
16433,GWALIOR - RAJKOT HUMSAFAR,4,4,GWL|R|TATA|RJT,GWL,RJT
16434,GWALIOR - PUNE INTERCITY,4,4,GWL|BZA|KOTA|PUNE,GWL,PUNE
16435,GWALIOR - NAGPUR SUPERFAST,4,4,GWL|NDLS|RJT|NGP,GWL,NGP
16436,GWALIOR - MADGAON EXPRESS,4,4,GWL|ANVT|ERS|MAO,GWL,MAO
16437,GWALIOR - MYSURU MAIL,4,4,GWL|BDTS|BSP|MYS,GWL,MYS
16438,GWALIOR - HUBBALLI JAN SHATABDI,4,4,GWL|SDAH|NZM|UBL,GWL,UBL
16439,GWALIOR - TRIVANDRUM GARIB RATH,4,4,GWL|MAS|SDAH|TVC,GWL,TVC
16440,GWALIOR - ERNAKULAM HUMSAFAR,4,4,GWL|SC|LKO|ERS,GWL,ERS
16441,GWALIOR - CLT INTERCITY,4,4,GWL|BSB|RNC|CLT,GWL,CLT
16442,GWALIOR - COIMBATORE SUPERFAST,4,4,GWL|VGLJ|JP|CBE,GWL,CBE
16443,GWALIOR - MADURAI EXPRESS,4,4,GWL|TATA|BRC|MDU,GWL,MDU
16444,GWALIOR - BHUBANESWAR MAIL,4,4,GWL|FZR|TVC|BBS,GWL,BBS
16445,GWALIOR - PURI JAN SHATABDI,4,4,GWL|JP|R|PURI,GWL,PURI
16446,GWALIOR - RAIPUR GARIB RATH,4,4,GWL|INDB|DLI|R,GWL,R
16447,GWALIOR - BILASPUR HUMSAFAR,4,4,GWL|ST|HWH|BSP,GWL,BSP
16448,GWALIOR - VISAKHAPATNAM INTERCITY,4,4,GWL|PUNE|SC|VSKP,GWL,VSKP
16449,GWALIOR - VIJAYAWADA SUPERFAST,4,4,GWL|MYS|PNBE|BZA,GWL,BZA
16450,GWALIOR - GUWAHATI EXPRESS,4,4,GWL|ERS|SVDK|GHY,GWL,GHY
16451,GWALIOR - AGARTALA MAIL,4,4,GWL|MDU|ST|AGTL,GWL,AGTL
16452,AHMEDABAD - SURAT JAN SHATABDI,4,4,ADI|R|UBL|ST,ADI,ST
16453,AHMEDABAD - VADODARA GARIB RATH,4,4,ADI|BZA|PURI|BRC,ADI,BRC
16454,AHMEDABAD - RAJKOT HUMSAFAR,3,3,ADI|NDLS|RJT,ADI,RJT
16455,AHMEDABAD - PUNE INTERCITY,4,4,ADI|ANVT|LTT|PUNE,ADI,PUNE
16456,AHMEDABAD - NAGPUR SUPERFAST,4,4,ADI|BDTS|HYB|NGP,ADI,NGP
16457,AHMEDABAD - MADGAON EXPRESS,4,4,ADI|SDAH|VGLJ|MAO,ADI,MAO
16458,AHMEDABAD - MYSURU MAIL,4,4,ADI|MAS|JAT|MYS,ADI,MYS
16459,AHMEDABAD - HUBBALLI JAN SHATABDI,3,3,ADI|SC|UBL,ADI,UBL
16460,AHMEDABAD - TRIVANDRUM GARIB RATH,4,4,ADI|BSB|MYS|TVC,ADI,TVC
16461,AHMEDABAD - ERNAKULAM HUMSAFAR,4,4,ADI|VGLJ|BBS|ERS,ADI,ERS
16462,AHMEDABAD - CLT INTERCITY,4,4,ADI|TATA|AGTL|CLT,ADI,CLT
16463,AHMEDABAD - COIMBATORE SUPERFAST,4,4,ADI|FZR|BDTS|CBE,ADI,CBE
16464,AHMEDABAD - MADURAI EXPRESS,4,4,ADI|JP|MS|MDU,ADI,MDU
16465,AHMEDABAD - BHUBANESWAR MAIL,4,4,ADI|INDB|GKP|BBS,ADI,BBS
16466,AHMEDABAD - PURI JAN SHATABDI,4,4,ADI|ST|FZR|PURI,ADI,PURI
16467,AHMEDABAD - RAIPUR GARIB RATH,4,4,ADI|PUNE|GWL|R,ADI,R
16468,AHMEDABAD - BILASPUR HUMSAFAR,4,4,ADI|MYS|MAO|BSP,ADI,BSP
16469,AHMEDABAD - VISAKHAPATNAM INTERCITY,4,4,ADI|ERS|MDU|VSKP,ADI,VSKP
16470,AHMEDABAD - VIJAYAWADA SUPERFAST,4,4,ADI|MDU|GHY|BZA,ADI,BZA
16471,AHMEDABAD - GUWAHATI EXPRESS,4,4,ADI|R|CSMT|GHY,ADI,GHY
16472,AHMEDABAD - AGARTALA MAIL,4,4,ADI|BZA|MAS|AGTL,ADI,AGTL
16473,SURAT - VADODARA JAN SHATABDI,4,4,ST|NDLS|AY|BRC,ST,BRC
16474,SURAT - RAJKOT GARIB RATH,4,4,ST|ANVT|ASR|RJT,ST,RJT
16475,SURAT - PUNE HUMSAFAR,4,4,ST|BDTS|INDB|PUNE,ST,PUNE
16476,SURAT - NAGPUR INTERCITY,3,3,ST|SDAH|NGP,ST,NGP
16477,SURAT - MADGAON SUPERFAST,4,4,ST|MAS|CBE|MAO,ST,MAO
16478,SURAT - MYSURU EXPRESS,4,4,ST|SC|BZA|MYS,ST,MYS
16479,SURAT - HUBBALLI MAIL,4,4,ST|BSB|MMCT|UBL,ST,UBL
16480,SURAT - TRIVANDRUM JAN SHATABDI,4,4,ST|VGLJ|YPR|TVC,ST,TVC
16481,SURAT - ERNAKULAM GARIB RATH,4,4,ST|TATA|BSB|ERS,ST,ERS
16482,SURAT - CLT HUMSAFAR,4,4,ST|FZR|CDG|CLT,ST,CLT
16483,SURAT - COIMBATORE INTERCITY,4,4,ST|JP|BPL|CBE,ST,CBE
16484,SURAT - MADURAI SUPERFAST,4,4,ST|INDB|PUNE|MDU,ST,MDU
16485,SURAT - BHUBANESWAR EXPRESS,3,3,ST|CLT|BBS,ST,BBS
16486,SURAT - PURI MAIL,4,4,ST|PUNE|VSKP|PURI,ST,PURI
16487,SURAT - RAIPUR JAN SHATABDI,4,4,ST|MYS|ANVT|R,ST,R
16488,SURAT - BILASPUR GARIB RATH,4,4,ST|ERS|SBC|BSP,ST,BSP
16489,SURAT - VISAKHAPATNAM HUMSAFAR,4,4,ST|MDU|CNB|VSKP,ST,VSKP
16490,SURAT - VIJAYAWADA INTERCITY,4,4,ST|R|TATA|BZA,ST,BZA
16491,SURAT - GUWAHATI SUPERFAST,4,4,ST|BZA|KOTA|GHY,ST,GHY
16492,SURAT - AGARTALA EXPRESS,4,4,ST|NDLS|RJT|AGTL,ST,AGTL
16493,VADODARA - RAJKOT MAIL,4,4,BRC|ANVT|ERS|RJT,BRC,RJT
16494,VADODARA - PUNE JAN SHATABDI,4,4,BRC|BDTS|BSP|PUNE,BRC,PUNE
16495,VADODARA - NAGPUR GARIB RATH,4,4,BRC|SDAH|NZM|NGP,BRC,NGP
16496,VADODARA - MADGAON HUMSAFAR,4,4,BRC|MAS|SDAH|MAO,BRC,MAO
16497,VADODARA - MYSURU INTERCITY,4,4,BRC|SC|LKO|MYS,BRC,MYS
16498,VADODARA - HUBBALLI SUPERFAST,4,4,BRC|BSB|RNC|UBL,BRC,UBL
16499,VADODARA - TRIVANDRUM EXPRESS,4,4,BRC|VGLJ|JP|TVC,BRC,TVC
16500,VADODARA - ERNAKULAM MAIL,3,3,BRC|TATA|ERS,BRC,ERS
16501,VADODARA - CLT JAN SHATABDI,4,4,BRC|FZR|TVC|CLT,BRC,CLT
16502,VADODARA - COIMBATORE GARIB RATH,4,4,BRC|JP|R|CBE,BRC,CBE
16503,VADODARA - MADURAI HUMSAFAR,4,4,BRC|INDB|DLI|MDU,BRC,MDU
16504,VADODARA - BHUBANESWAR INTERCITY,4,4,BRC|ST|HWH|BBS,BRC,BBS
16505,VADODARA - PURI SUPERFAST,4,4,BRC|PUNE|SC|PURI,BRC,PURI
16506,VADODARA - RAIPUR EXPRESS,4,4,BRC|MYS|PNBE|R,BRC,R
16507,VADODARA - BILASPUR MAIL,4,4,BRC|ERS|SVDK|BSP,BRC,BSP
16508,VADODARA - VISAKHAPATNAM JAN SHATABDI,4,4,BRC|MDU|ST|VSKP,BRC,VSKP
16509,VADODARA - VIJAYAWADA GARIB RATH,4,4,BRC|R|UBL|BZA,BRC,BZA
16510,VADODARA - GUWAHATI HUMSAFAR,4,4,BRC|BZA|PURI|GHY,BRC,GHY
16511,VADODARA - AGARTALA INTERCITY,3,3,BRC|NDLS|AGTL,BRC,AGTL
16512,RAJKOT - PUNE SUPERFAST,4,4,RJT|ANVT|LTT|PUNE,RJT,PUNE
16513,RAJKOT - NAGPUR EXPRESS,4,4,RJT|BDTS|HYB|NGP,RJT,NGP
16514,RAJKOT - MADGAON MAIL,4,4,RJT|SDAH|VGLJ|MAO,RJT,MAO
16515,RAJKOT - MYSURU JAN SHATABDI,4,4,RJT|MAS|JAT|MYS,RJT,MYS
16516,RAJKOT - HUBBALLI GARIB RATH,4,4,RJT|SC|ADI|UBL,RJT,UBL
16517,RAJKOT - TRIVANDRUM HUMSAFAR,4,4,RJT|BSB|MYS|TVC,RJT,TVC
16518,RAJKOT - ERNAKULAM INTERCITY,4,4,RJT|VGLJ|BBS|ERS,RJT,ERS
16519,RAJKOT - CLT SUPERFAST,4,4,RJT|TATA|AGTL|CLT,RJT,CLT
16520,RAJKOT - COIMBATORE EXPRESS,4,4,RJT|FZR|BDTS|CBE,RJT,CBE
16521,RAJKOT - MADURAI MAIL,4,4,RJT|JP|MS|MDU,RJT,MDU
16522,RAJKOT - BHUBANESWAR JAN SHATABDI,4,4,RJT|INDB|GKP|BBS,RJT,BBS
16523,RAJKOT - PURI GARIB RATH,4,4,RJT|ST|FZR|PURI,RJT,PURI
16524,RAJKOT - RAIPUR HUMSAFAR,4,4,RJT|PUNE|GWL|R,RJT,R
16525,RAJKOT - BILASPUR INTERCITY,4,4,RJT|MYS|MAO|BSP,RJT,BSP
16526,RAJKOT - VISAKHAPATNAM SUPERFAST,4,4,RJT|ERS|MDU|VSKP,RJT,VSKP
16527,RAJKOT - VIJAYAWADA EXPRESS,4,4,RJT|MDU|GHY|BZA,RJT,BZA
16528,RAJKOT - GUWAHATI MAIL,4,4,RJT|R|CSMT|GHY,RJT,GHY
16529,RAJKOT - AGARTALA JAN SHATABDI,4,4,RJT|BZA|MAS|AGTL,RJT,AGTL
16530,PUNE - NAGPUR GARIB RATH,4,4,PUNE|NDLS|AY|NGP,PUNE,NGP
16531,PUNE - MADGAON HUMSAFAR,4,4,PUNE|ANVT|ASR|MAO,PUNE,MAO
16532,PUNE - MYSURU INTERCITY,4,4,PUNE|BDTS|INDB|MYS,PUNE,MYS
16533,PUNE - HUBBALLI SUPERFAST,4,4,PUNE|SDAH|NGP|UBL,PUNE,UBL
16534,PUNE - TRIVANDRUM EXPRESS,4,4,PUNE|MAS|CBE|TVC,PUNE,TVC
16535,PUNE - ERNAKULAM MAIL,4,4,PUNE|SC|BZA|ERS,PUNE,ERS
16536,PUNE - CLT JAN SHATABDI,4,4,PUNE|BSB|MMCT|CLT,PUNE,CLT
16537,PUNE - COIMBATORE GARIB RATH,4,4,PUNE|VGLJ|YPR|CBE,PUNE,CBE
16538,PUNE - MADURAI HUMSAFAR,4,4,PUNE|TATA|BSB|MDU,PUNE,MDU
16539,PUNE - BHUBANESWAR INTERCITY,4,4,PUNE|FZR|CDG|BBS,PUNE,BBS
16540,PUNE - PURI SUPERFAST,4,4,PUNE|JP|BPL|PURI,PUNE,PURI
16541,PUNE - RAIPUR EXPRESS,3,3,PUNE|INDB|R,PUNE,R
16542,PUNE - BILASPUR MAIL,4,4,PUNE|ST|CLT|BSP,PUNE,BSP
16543,PUNE - VISAKHAPATNAM JAN SHATABDI,2,2,PUNE|VSKP,PUNE,VSKP
16544,PUNE - VIJAYAWADA GARIB RATH,4,4,PUNE|MYS|ANVT|BZA,PUNE,BZA
16545,PUNE - GUWAHATI HUMSAFAR,4,4,PUNE|ERS|SBC|GHY,PUNE,GHY
16546,PUNE - AGARTALA INTERCITY,4,4,PUNE|MDU|CNB|AGTL,PUNE,AGTL
16547,NAGPUR - MADGAON SUPERFAST,4,4,NGP|R|TATA|MAO,NGP,MAO
16548,NAGPUR - MYSURU EXPRESS,4,4,NGP|BZA|KOTA|MYS,NGP,MYS
16549,NAGPUR - HUBBALLI MAIL,4,4,NGP|NDLS|RJT|UBL,NGP,UBL
16550,NAGPUR - TRIVANDRUM JAN SHATABDI,4,4,NGP|ANVT|ERS|TVC,NGP,TVC
16551,NAGPUR - ERNAKULAM GARIB RATH,4,4,NGP|BDTS|BSP|ERS,NGP,ERS
16552,NAGPUR - CLT HUMSAFAR,4,4,NGP|SDAH|NZM|CLT,NGP,CLT
16553,NAGPUR - COIMBATORE INTERCITY,4,4,NGP|MAS|SDAH|CBE,NGP,CBE
16554,NAGPUR - MADURAI SUPERFAST,4,4,NGP|SC|LKO|MDU,NGP,MDU
16555,NAGPUR - BHUBANESWAR EXPRESS,4,4,NGP|BSB|RNC|BBS,NGP,BBS
16556,NAGPUR - PURI MAIL,4,4,NGP|VGLJ|JP|PURI,NGP,PURI
16557,NAGPUR - RAIPUR JAN SHATABDI,4,4,NGP|TATA|BRC|R,NGP,R
16558,NAGPUR - BILASPUR GARIB RATH,4,4,NGP|FZR|TVC|BSP,NGP,BSP
16559,NAGPUR - VISAKHAPATNAM HUMSAFAR,4,4,NGP|JP|R|VSKP,NGP,VSKP
16560,NAGPUR - VIJAYAWADA INTERCITY,4,4,NGP|INDB|DLI|BZA,NGP,BZA
16561,NAGPUR - GUWAHATI SUPERFAST,4,4,NGP|ST|HWH|GHY,NGP,GHY
16562,NAGPUR - AGARTALA EXPRESS,4,4,NGP|PUNE|SC|AGTL,NGP,AGTL
16563,MADGAON - MYSURU MAIL,3,3,MAO|PNBE|MYS,MAO,MYS
16564,MADGAON - HUBBALLI JAN SHATABDI,4,4,MAO|ERS|SVDK|UBL,MAO,UBL
16565,MADGAON - TRIVANDRUM GARIB RATH,4,4,MAO|MDU|ST|TVC,MAO,TVC
16566,MADGAON - ERNAKULAM HUMSAFAR,4,4,MAO|R|UBL|ERS,MAO,ERS
16567,MADGAON - CLT INTERCITY,4,4,MAO|BZA|PURI|CLT,MAO,CLT
16568,MADGAON - COIMBATORE SUPERFAST,3,3,MAO|NDLS|CBE,MAO,CBE
16569,MADGAON - MADURAI EXPRESS,4,4,MAO|ANVT|LTT|MDU,MAO,MDU
16570,MADGAON - BHUBANESWAR MAIL,4,4,MAO|BDTS|HYB|BBS,MAO,BBS
16571,MADGAON - PURI JAN SHATABDI,4,4,MAO|SDAH|VGLJ|PURI,MAO,PURI
16572,MADGAON - RAIPUR GARIB RATH,4,4,MAO|MAS|JAT|R,MAO,R
16573,MADGAON - BILASPUR HUMSAFAR,4,4,MAO|SC|ADI|BSP,MAO,BSP
16574,MADGAON - VISAKHAPATNAM INTERCITY,4,4,MAO|BSB|MYS|VSKP,MAO,VSKP
16575,MADGAON - VIJAYAWADA SUPERFAST,4,4,MAO|VGLJ|BBS|BZA,MAO,BZA
16576,MADGAON - GUWAHATI EXPRESS,4,4,MAO|TATA|AGTL|GHY,MAO,GHY
16577,MADGAON - AGARTALA MAIL,4,4,MAO|FZR|BDTS|AGTL,MAO,AGTL
16578,MYSURU - HUBBALLI JAN SHATABDI,4,4,MYS|JP|MS|UBL,MYS,UBL
16579,MYSURU - TRIVANDRUM GARIB RATH,4,4,MYS|INDB|GKP|TVC,MYS,TVC
16580,MYSURU - ERNAKULAM HUMSAFAR,4,4,MYS|ST|FZR|ERS,MYS,ERS
16581,MYSURU - CLT INTERCITY,4,4,MYS|PUNE|GWL|CLT,MYS,CLT
16582,MYSURU - COIMBATORE SUPERFAST,3,3,MYS|MAO|CBE,MYS,CBE
16583,MYSURU - MADURAI EXPRESS,3,3,MYS|ERS|MDU,MYS,MDU
16584,MYSURU - BHUBANESWAR MAIL,4,4,MYS|MDU|GHY|BBS,MYS,BBS
16585,MYSURU - PURI JAN SHATABDI,4,4,MYS|R|CSMT|PURI,MYS,PURI
16586,MYSURU - RAIPUR GARIB RATH,4,4,MYS|BZA|MAS|R,MYS,R
16587,MYSURU - BILASPUR HUMSAFAR,4,4,MYS|NDLS|AY|BSP,MYS,BSP
16588,MYSURU - VISAKHAPATNAM INTERCITY,4,4,MYS|ANVT|ASR|VSKP,MYS,VSKP
16589,MYSURU - VIJAYAWADA SUPERFAST,4,4,MYS|BDTS|INDB|BZA,MYS,BZA
16590,MYSURU - GUWAHATI EXPRESS,4,4,MYS|SDAH|NGP|GHY,MYS,GHY
16591,MYSURU - AGARTALA MAIL,4,4,MYS|MAS|CBE|AGTL,MYS,AGTL
16592,HUBBALLI - TRIVANDRUM JAN SHATABDI,4,4,UBL|SC|BZA|TVC,UBL,TVC
16593,HUBBALLI - ERNAKULAM GARIB RATH,4,4,UBL|BSB|MMCT|ERS,UBL,ERS
16594,HUBBALLI - CLT HUMSAFAR,4,4,UBL|VGLJ|YPR|CLT,UBL,CLT
16595,HUBBALLI - COIMBATORE INTERCITY,4,4,UBL|TATA|BSB|CBE,UBL,CBE
16596,HUBBALLI - MADURAI SUPERFAST,4,4,UBL|FZR|CDG|MDU,UBL,MDU
16597,HUBBALLI - BHUBANESWAR EXPRESS,4,4,UBL|JP|BPL|BBS,UBL,BBS
16598,HUBBALLI - PURI MAIL,4,4,UBL|INDB|PUNE|PURI,UBL,PURI
16599,HUBBALLI - RAIPUR JAN SHATABDI,4,4,UBL|ST|CLT|R,UBL,R
16600,HUBBALLI - BILASPUR GARIB RATH,4,4,UBL|PUNE|VSKP|BSP,UBL,BSP
16601,HUBBALLI - VISAKHAPATNAM HUMSAFAR,4,4,UBL|MYS|ANVT|VSKP,UBL,VSKP
16602,HUBBALLI - VIJAYAWADA INTERCITY,4,4,UBL|ERS|SBC|BZA,UBL,BZA
16603,HUBBALLI - GUWAHATI SUPERFAST,4,4,UBL|MDU|CNB|GHY,UBL,GHY
16604,HUBBALLI - AGARTALA EXPRESS,4,4,UBL|R|TATA|AGTL,UBL,AGTL
16605,TRIVANDRUM - ERNAKULAM MAIL,4,4,TVC|BZA|KOTA|ERS,TVC,ERS
16606,TRIVANDRUM - CLT JAN SHATABDI,4,4,TVC|NDLS|RJT|CLT,TVC,CLT
16607,TRIVANDRUM - COIMBATORE GARIB RATH,4,4,TVC|ANVT|ERS|CBE,TVC,CBE
16608,TRIVANDRUM - MADURAI HUMSAFAR,4,4,TVC|BDTS|BSP|MDU,TVC,MDU
16609,TRIVANDRUM - BHUBANESWAR INTERCITY,4,4,TVC|SDAH|NZM|BBS,TVC,BBS
16610,TRIVANDRUM - PURI SUPERFAST,4,4,TVC|MAS|SDAH|PURI,TVC,PURI
16611,TRIVANDRUM - RAIPUR EXPRESS,4,4,TVC|SC|LKO|R,TVC,R
16612,TRIVANDRUM - BILASPUR MAIL,4,4,TVC|BSB|RNC|BSP,TVC,BSP
16613,TRIVANDRUM - VISAKHAPATNAM JAN SHATABDI,4,4,TVC|VGLJ|JP|VSKP,TVC,VSKP
16614,TRIVANDRUM - VIJAYAWADA GARIB RATH,4,4,TVC|TATA|BRC|BZA,TVC,BZA
16615,TRIVANDRUM - GUWAHATI HUMSAFAR,3,3,TVC|FZR|GHY,TVC,GHY
16616,TRIVANDRUM - AGARTALA INTERCITY,4,4,TVC|JP|R|AGTL,TVC,AGTL
16617,ERNAKULAM - CLT SUPERFAST,4,4,ERS|INDB|DLI|CLT,ERS,CLT
16618,ERNAKULAM - COIMBATORE EXPRESS,4,4,ERS|ST|HWH|CBE,ERS,CBE
16619,ERNAKULAM - MADURAI MAIL,4,4,ERS|PUNE|SC|MDU,ERS,MDU
16620,ERNAKULAM - BHUBANESWAR JAN SHATABDI,4,4,ERS|MYS|PNBE|BBS,ERS,BBS
16621,ERNAKULAM - PURI GARIB RATH,3,3,ERS|SVDK|PURI,ERS,PURI
16622,ERNAKULAM - RAIPUR HUMSAFAR,4,4,ERS|MDU|ST|R,ERS,R
16623,ERNAKULAM - BILASPUR INTERCITY,4,4,ERS|R|UBL|BSP,ERS,BSP
16624,ERNAKULAM - VISAKHAPATNAM SUPERFAST,4,4,ERS|BZA|PURI|VSKP,ERS,VSKP
16625,ERNAKULAM - VIJAYAWADA EXPRESS,3,3,ERS|NDLS|BZA,ERS,BZA
16626,ERNAKULAM - GUWAHATI MAIL,4,4,ERS|ANVT|LTT|GHY,ERS,GHY
16627,ERNAKULAM - AGARTALA JAN SHATABDI,4,4,ERS|BDTS|HYB|AGTL,ERS,AGTL
16628,CLT - COIMBATORE GARIB RATH,4,4,CLT|SDAH|VGLJ|CBE,CLT,CBE
16629,CLT - MADURAI HUMSAFAR,4,4,CLT|MAS|JAT|MDU,CLT,MDU
16630,CLT - BHUBANESWAR INTERCITY,4,4,CLT|SC|ADI|BBS,CLT,BBS
16631,CLT - PURI SUPERFAST,4,4,CLT|BSB|MYS|PURI,CLT,PURI
16632,CLT - RAIPUR EXPRESS,4,4,CLT|VGLJ|BBS|R,CLT,R
16633,CLT - BILASPUR MAIL,4,4,CLT|TATA|AGTL|BSP,CLT,BSP
16634,CLT - VISAKHAPATNAM JAN SHATABDI,4,4,CLT|FZR|BDTS|VSKP,CLT,VSKP
16635,CLT - VIJAYAWADA GARIB RATH,4,4,CLT|JP|MS|BZA,CLT,BZA
16636,CLT - GUWAHATI HUMSAFAR,4,4,CLT|INDB|GKP|GHY,CLT,GHY
16637,CLT - AGARTALA INTERCITY,4,4,CLT|ST|FZR|AGTL,CLT,AGTL
16638,COIMBATORE - MADURAI SUPERFAST,4,4,CBE|PUNE|GWL|MDU,CBE,MDU
16639,COIMBATORE - BHUBANESWAR EXPRESS,4,4,CBE|MYS|MAO|BBS,CBE,BBS
16640,COIMBATORE - PURI MAIL,4,4,CBE|ERS|MDU|PURI,CBE,PURI
16641,COIMBATORE - RAIPUR JAN SHATABDI,4,4,CBE|MDU|GHY|R,CBE,R
16642,COIMBATORE - BILASPUR GARIB RATH,4,4,CBE|R|CSMT|BSP,CBE,BSP
16643,COIMBATORE - VISAKHAPATNAM HUMSAFAR,4,4,CBE|BZA|MAS|VSKP,CBE,VSKP
16644,COIMBATORE - VIJAYAWADA INTERCITY,4,4,CBE|NDLS|AY|BZA,CBE,BZA
16645,COIMBATORE - GUWAHATI SUPERFAST,4,4,CBE|ANVT|ASR|GHY,CBE,GHY
16646,COIMBATORE - AGARTALA EXPRESS,4,4,CBE|BDTS|INDB|AGTL,CBE,AGTL
16647,MADURAI - BHUBANESWAR MAIL,4,4,MDU|SDAH|NGP|BBS,MDU,BBS
16648,MADURAI - PURI JAN SHATABDI,4,4,MDU|MAS|CBE|PURI,MDU,PURI
16649,MADURAI - RAIPUR GARIB RATH,4,4,MDU|SC|BZA|R,MDU,R
16650,MADURAI - BILASPUR HUMSAFAR,4,4,MDU|BSB|MMCT|BSP,MDU,BSP
16651,MADURAI - VISAKHAPATNAM INTERCITY,4,4,MDU|VGLJ|YPR|VSKP,MDU,VSKP
16652,MADURAI - VIJAYAWADA SUPERFAST,4,4,MDU|TATA|BSB|BZA,MDU,BZA
16653,MADURAI - GUWAHATI EXPRESS,4,4,MDU|FZR|CDG|GHY,MDU,GHY
16654,MADURAI - AGARTALA MAIL,4,4,MDU|JP|BPL|AGTL,MDU,AGTL
16655,BHUBANESWAR - PURI JAN SHATABDI,4,4,BBS|INDB|PUNE|PURI,BBS,PURI
16656,BHUBANESWAR - RAIPUR GARIB RATH,4,4,BBS|ST|CLT|R,BBS,R
16657,BHUBANESWAR - BILASPUR HUMSAFAR,4,4,BBS|PUNE|VSKP|BSP,BBS,BSP
16658,BHUBANESWAR - VISAKHAPATNAM INTERCITY,4,4,BBS|MYS|ANVT|VSKP,BBS,VSKP
16659,BHUBANESWAR - VIJAYAWADA SUPERFAST,4,4,BBS|ERS|SBC|BZA,BBS,BZA
16660,BHUBANESWAR - GUWAHATI EXPRESS,4,4,BBS|MDU|CNB|GHY,BBS,GHY
16661,BHUBANESWAR - AGARTALA MAIL,4,4,BBS|R|TATA|AGTL,BBS,AGTL
16662,PURI - RAIPUR JAN SHATABDI,4,4,PURI|BZA|KOTA|R,PURI,R
16663,PURI - BILASPUR GARIB RATH,4,4,PURI|NDLS|RJT|BSP,PURI,BSP
16664,PURI - VISAKHAPATNAM HUMSAFAR,4,4,PURI|ANVT|ERS|VSKP,PURI,VSKP
16665,PURI - VIJAYAWADA INTERCITY,4,4,PURI|BDTS|BSP|BZA,PURI,BZA
16666,PURI - GUWAHATI SUPERFAST,4,4,PURI|SDAH|NZM|GHY,PURI,GHY
16667,PURI - AGARTALA EXPRESS,4,4,PURI|MAS|SDAH|AGTL,PURI,AGTL
16668,RAIPUR - BILASPUR MAIL,4,4,R|SC|LKO|BSP,R,BSP
16669,RAIPUR - VISAKHAPATNAM JAN SHATABDI,4,4,R|BSB|RNC|VSKP,R,VSKP
16670,RAIPUR - VIJAYAWADA GARIB RATH,4,4,R|VGLJ|JP|BZA,R,BZA
16671,RAIPUR - GUWAHATI HUMSAFAR,4,4,R|TATA|BRC|GHY,R,GHY
16672,RAIPUR - AGARTALA INTERCITY,4,4,R|FZR|TVC|AGTL,R,AGTL
16673,BILASPUR - VISAKHAPATNAM SUPERFAST,4,4,BSP|JP|R|VSKP,BSP,VSKP
16674,BILASPUR - VIJAYAWADA EXPRESS,4,4,BSP|INDB|DLI|BZA,BSP,BZA
16675,BILASPUR - GUWAHATI MAIL,4,4,BSP|ST|HWH|GHY,BSP,GHY
16676,BILASPUR - AGARTALA JAN SHATABDI,4,4,BSP|PUNE|SC|AGTL,BSP,AGTL
16677,VISAKHAPATNAM - VIJAYAWADA GARIB RATH,4,4,VSKP|MYS|PNBE|BZA,VSKP,BZA
16678,VISAKHAPATNAM - GUWAHATI HUMSAFAR,4,4,VSKP|ERS|SVDK|GHY,VSKP,GHY
16679,VISAKHAPATNAM - AGARTALA INTERCITY,4,4,VSKP|MDU|ST|AGTL,VSKP,AGTL
16680,VIJAYAWADA - GUWAHATI SUPERFAST,4,4,BZA|R|UBL|GHY,BZA,GHY
16681,VIJAYAWADA - AGARTALA EXPRESS,3,3,BZA|PURI|AGTL,BZA,AGTL
16682,GUWAHATI - AGARTALA MAIL,3,3,GHY|NDLS|AGTL,GHY,AGTL
16683,NEW DELHI - OLD DELHI JAN SHATABDI,4,4,NDLS|ANVT|LTT|DLI,NDLS,DLI
16684,NEW DELHI - NIZAMUDDIN GARIB RATH,4,4,NDLS|BDTS|HYB|NZM,NDLS,NZM
16685,NEW DELHI - ANAND VIHAR HUMSAFAR,4,4,NDLS|SDAH|VGLJ|ANVT,NDLS,ANVT
16686,NEW DELHI - MUMBAI CENTRAL INTERCITY,4,4,NDLS|MAS|JAT|MMCT,NDLS,MMCT
16687,NEW DELHI - MUMBAI CSMT SUPERFAST,4,4,NDLS|SC|ADI|CSMT,NDLS,CSMT
16688,NEW DELHI - BANDRA EXPRESS,4,4,NDLS|BSB|MYS|BDTS,NDLS,BDTS
16689,NEW DELHI - LOKMANYA TILAK MAIL,4,4,NDLS|VGLJ|BBS|LTT,NDLS,LTT
16690,NEW DELHI - HOWRAH JAN SHATABDI,4,4,NDLS|TATA|AGTL|HWH,NDLS,HWH
16691,NEW DELHI - SEALDAH GARIB RATH,4,4,NDLS|FZR|BDTS|SDAH,NDLS,SDAH
16692,NEW DELHI - BENGALURU HUMSAFAR,4,4,NDLS|JP|MS|SBC,NDLS,SBC
16693,NEW DELHI - YESVANTPUR INTERCITY,4,4,NDLS|INDB|GKP|YPR,NDLS,YPR
16694,NEW DELHI - CHENNAI CENTRAL SUPERFAST,4,4,NDLS|ST|FZR|MAS,NDLS,MAS
16695,NEW DELHI - CHENNAI EGMORE EXPRESS,4,4,NDLS|PUNE|GWL|MS,NDLS,MS
16696,NEW DELHI - HYDERABAD MAIL,4,4,NDLS|MYS|MAO|HYB,NDLS,HYB
16697,NEW DELHI - SECUNDERABAD JAN SHATABDI,4,4,NDLS|ERS|MDU|SC,NDLS,SC
16698,NEW DELHI - LUCKNOW GARIB RATH,4,4,NDLS|MDU|GHY|LKO,NDLS,LKO
16699,NEW DELHI - KANPUR HUMSAFAR,4,4,NDLS|R|CSMT|CNB,NDLS,CNB
16700,NEW DELHI - VARANASI INTERCITY,4,4,NDLS|BZA|MAS|BSB,NDLS,BSB
16701,NEW DELHI - AYODHYA SUPERFAST,2,2,NDLS|AY,NDLS,AY
16702,NEW DELHI - GORAKHPUR EXPRESS,4,4,NDLS|ANVT|ASR|GKP,NDLS,GKP
16703,NEW DELHI - VGL JHANSI MAIL,4,4,NDLS|BDTS|INDB|VGLJ,NDLS,VGLJ
16704,NEW DELHI - PATNA JAN SHATABDI,4,4,NDLS|SDAH|NGP|PNBE,NDLS,PNBE
16705,NEW DELHI - RANCHI GARIB RATH,4,4,NDLS|MAS|CBE|RNC,NDLS,RNC
16706,NEW DELHI - TATANAGAR HUMSAFAR,4,4,NDLS|SC|BZA|TATA,NDLS,TATA
16707,NEW DELHI - CHANDIGARH INTERCITY,4,4,NDLS|BSB|MMCT|CDG,NDLS,CDG
16708,NEW DELHI - AMRITSAR SUPERFAST,4,4,NDLS|VGLJ|YPR|ASR,NDLS,ASR
16709,NEW DELHI - FIROZPUR EXPRESS,4,4,NDLS|TATA|BSB|FZR,NDLS,FZR
16710,NEW DELHI - JAMMU TAWI MAIL,4,4,NDLS|FZR|CDG|JAT,NDLS,JAT
16711,NEW DELHI - KATRA JAN SHATABDI,4,4,NDLS|JP|BPL|SVDK,NDLS,SVDK
16712,NEW DELHI - JAIPUR GARIB RATH,4,4,NDLS|INDB|PUNE|JP,NDLS,JP
16713,NEW DELHI - KOTA HUMSAFAR,4,4,NDLS|ST|CLT|KOTA,NDLS,KOTA
16714,NEW DELHI - BHOPAL INTERCITY,4,4,NDLS|PUNE|VSKP|BPL,NDLS,BPL
16715,NEW DELHI - INDORE SUPERFAST,4,4,NDLS|MYS|ANVT|INDB,NDLS,INDB
16716,NEW DELHI - GWALIOR EXPRESS,4,4,NDLS|ERS|SBC|GWL,NDLS,GWL
16717,NEW DELHI - AHMEDABAD MAIL,4,4,NDLS|MDU|CNB|ADI,NDLS,ADI
16718,NEW DELHI - SURAT JAN SHATABDI,4,4,NDLS|R|TATA|ST,NDLS,ST
16719,NEW DELHI - VADODARA GARIB RATH,4,4,NDLS|BZA|KOTA|BRC,NDLS,BRC
16720,NEW DELHI - RAJKOT HUMSAFAR,2,2,NDLS|RJT,NDLS,RJT
16721,NEW DELHI - PUNE INTERCITY,4,4,NDLS|ANVT|ERS|PUNE,NDLS,PUNE
16722,NEW DELHI - NAGPUR SUPERFAST,4,4,NDLS|BDTS|BSP|NGP,NDLS,NGP
16723,NEW DELHI - MADGAON EXPRESS,4,4,NDLS|SDAH|NZM|MAO,NDLS,MAO
16724,NEW DELHI - MYSURU MAIL,4,4,NDLS|MAS|SDAH|MYS,NDLS,MYS
16725,NEW DELHI - HUBBALLI JAN SHATABDI,4,4,NDLS|SC|LKO|UBL,NDLS,UBL
16726,NEW DELHI - TRIVANDRUM GARIB RATH,4,4,NDLS|BSB|RNC|TVC,NDLS,TVC
16727,NEW DELHI - ERNAKULAM HUMSAFAR,4,4,NDLS|VGLJ|JP|ERS,NDLS,ERS
16728,NEW DELHI - CLT INTERCITY,4,4,NDLS|TATA|BRC|CLT,NDLS,CLT
16729,NEW DELHI - COIMBATORE SUPERFAST,4,4,NDLS|FZR|TVC|CBE,NDLS,CBE
16730,NEW DELHI - MADURAI EXPRESS,4,4,NDLS|JP|R|MDU,NDLS,MDU
16731,NEW DELHI - BHUBANESWAR MAIL,4,4,NDLS|INDB|DLI|BBS,NDLS,BBS
16732,NEW DELHI - PURI JAN SHATABDI,4,4,NDLS|ST|HWH|PURI,NDLS,PURI
16733,NEW DELHI - RAIPUR GARIB RATH,4,4,NDLS|PUNE|SC|R,NDLS,R
16734,NEW DELHI - BILASPUR HUMSAFAR,4,4,NDLS|MYS|PNBE|BSP,NDLS,BSP
16735,NEW DELHI - VISAKHAPATNAM INTERCITY,4,4,NDLS|ERS|SVDK|VSKP,NDLS,VSKP
16736,NEW DELHI - VIJAYAWADA SUPERFAST,4,4,NDLS|MDU|ST|BZA,NDLS,BZA
16737,NEW DELHI - GUWAHATI EXPRESS,4,4,NDLS|R|UBL|GHY,NDLS,GHY
16738,NEW DELHI - AGARTALA MAIL,4,4,NDLS|BZA|PURI|AGTL,NDLS,AGTL
16739,OLD DELHI - NIZAMUDDIN JAN SHATABDI,3,3,DLI|NDLS|NZM,DLI,NZM
16740,OLD DELHI - ANAND VIHAR GARIB RATH,3,3,DLI|LTT|ANVT,DLI,ANVT
16741,OLD DELHI - MUMBAI CENTRAL HUMSAFAR,4,4,DLI|BDTS|HYB|MMCT,DLI,MMCT
16742,OLD DELHI - MUMBAI CSMT INTERCITY,4,4,DLI|SDAH|VGLJ|CSMT,DLI,CSMT
16743,OLD DELHI - BANDRA SUPERFAST,4,4,DLI|MAS|JAT|BDTS,DLI,BDTS
16744,OLD DELHI - LOKMANYA TILAK EXPRESS,4,4,DLI|SC|ADI|LTT,DLI,LTT
16745,OLD DELHI - HOWRAH MAIL,4,4,DLI|BSB|MYS|HWH,DLI,HWH
16746,OLD DELHI - SEALDAH JAN SHATABDI,4,4,DLI|VGLJ|BBS|SDAH,DLI,SDAH
16747,OLD DELHI - BENGALURU GARIB RATH,4,4,DLI|TATA|AGTL|SBC,DLI,SBC
16748,OLD DELHI - YESVANTPUR HUMSAFAR,4,4,DLI|FZR|BDTS|YPR,DLI,YPR
16749,OLD DELHI - CHENNAI CENTRAL INTERCITY,4,4,DLI|JP|MS|MAS,DLI,MAS
16750,OLD DELHI - CHENNAI EGMORE SUPERFAST,4,4,DLI|INDB|GKP|MS,DLI,MS
16751,OLD DELHI - HYDERABAD EXPRESS,4,4,DLI|ST|FZR|HYB,DLI,HYB
16752,OLD DELHI - SECUNDERABAD MAIL,4,4,DLI|PUNE|GWL|SC,DLI,SC
16753,OLD DELHI - LUCKNOW JAN SHATABDI,4,4,DLI|MYS|MAO|LKO,DLI,LKO
16754,OLD DELHI - KANPUR GARIB RATH,4,4,DLI|ERS|MDU|CNB,DLI,CNB
16755,OLD DELHI - VARANASI HUMSAFAR,4,4,DLI|MDU|GHY|BSB,DLI,BSB
